,,,CH1 T,CH1 V,CH2 T,CH2 V
Record Length,2500.000000,,-0.25,-0.08,0.112,-0.0032
Sample Interval,0.000200,,-0.2498,-0.16,0.14,-0.004
Trigger Point,1250.000000,,-0.2496,-0.08,0.112,-0.0032
,,,-0.2494,-0.16,0.112,-0.0032
,,,-0.2492,-0.16,0.084,-0.0024
,,,-0.249,-0.16,0.056,-0.0016
Source,CH1,,-0.2488,-0.24,0.084,-0.0024
Vertical Units,V,,-0.2486,-0.32,0.084,-0.0024
Vertical Scale,2.000000,,-0.2484,-0.32,0.084,-0.0024
Vertical Offset,4.000000,,-0.2482,-0.32,0.056,-0.0016
Horizontal Units,s,,-0.248,-0.32,0.056,-0.0016
Horizontal Scale,0.050000,,-0.2478,-0.4,0.028,-0.0008
Pt Fmt,Y,,-0.2476,-0.4,0.028,-0.0008
Yzero,0.000000,,-0.2474,-0.48,0.028,-0.0008
Probe Atten,1.000000,,-0.2472,-0.4,0,0
Model Number,TBS1102,,-0.247,-0.48,0,0
Serial Number,C053177,,-0.2468,-0.48,0,0
Firmware Version,FV:v26.05,,-0.2466,-0.48,0,0
,,,-0.2464,-0.56,-0.056,0.0016
,,,-0.2462,-0.56,-0.056,0.0016
,,,-0.246,-0.64,-0.028,0.0008
,,,-0.2458,-0.64,-0.056,0.0016
,,,-0.2456,-0.56,0,0
,,,-0.2454,-0.64,-0.084,0.0024
,,,-0.2452,-0.72,-0.112,0.0032
,,,-0.245,-0.72,-0.084,0.0024
,,,-0.2448,-0.72,-0.084,0.0024
,,,-0.2446,-0.72,-0.112,0.0032
,,,-0.2444,-0.8,-0.112,0.0032
,,,-0.2442,-0.8,-0.14,0.004
,,,-0.244,-0.88,-0.14,0.004
,,,-0.2438,-0.88,-0.14,0.004
,,,-0.2436,-0.88,-0.14,0.004
,,,-0.2434,-0.88,-0.196,0.0056
,,,-0.2432,-0.88,-0.168,0.0048
,,,-0.243,-0.88,-0.168,0.0048
,,,-0.2428,-0.96,-0.196,0.0056
,,,-0.2426,-0.96,-0.196,0.0056
,,,-0.2424,-1.04,-0.196,0.0056
,,,-0.2422,-1.04,-0.224,0.0064
,,,-0.242,-1.04,-0.224,0.0064
,,,-0.2418,-1.12,-0.252,0.0072
,,,-0.2416,-1.12,-0.224,0.0064
,,,-0.2414,-1.12,-0.224,0.0064
,,,-0.2412,-1.12,-0.252,0.0072
,,,-0.241,-1.2,-0.224,0.0064
,,,-0.2408,-1.2,-0.252,0.0072,,,-2.08,0.0192
,,,-0.2406,-1.28,-0.252,0.0072,,,-2.08,0.0192
,,,-0.2404,-1.28,-0.28,0.008,,,-2.08,0.0184
,,,-0.2402,-1.28,-0.252,0.0072,,,-2.16,0.0192
,,,-0.24,-1.28,-0.28,0.008,,,-2.08,0.0192
,,,-0.2398,-1.28,-0.28,0.008,,,-2.08,0.0184
,,,-0.2396,-1.44,-0.308,0.0088,,,-2.16,0.0192
,,,-0.2394,-1.36,-0.28,0.008,,,-2.08,0.0184
,,,-0.2392,-1.36,-0.336,0.0096,,,-2.08,0.0192
,,,-0.239,-1.44,-0.308,0.0088,,,-2.08,0.0184
,,,-0.2388,-1.44,-0.308,0.0088,,,-2.08,0.0192
,,,-0.2386,-1.44,-0.308,0.0088,,,-2.08,0.0192
,,,-0.2384,-1.44,-0.336,0.0096,,,-2.08,0.0184
,,,-0.2382,-1.44,-0.308,0.0088,,,-2.08,0.0192
,,,-0.238,-1.44,-0.364,0.0104,,,-2.08,0.0192
,,,-0.2378,-1.52,-0.336,0.0096,,,-2.08,0.02
,,,-0.2376,-1.52,-0.336,0.0096,,,-2.08,0.02
,,,-0.2374,-1.52,-0.392,0.0112,,,-2.08,0.0192
,,,-0.2372,-1.6,-0.364,0.0104,,,-2.08,0.0192
,,,-0.237,-1.6,-0.364,0.0104,,,-2.08,0.0184
,,,-0.2368,-1.6,-0.364,0.0104,,,-2,0.02
,,,-0.2366,-1.6,-0.42,0.012,,,-2.08,0.0192
,,,-0.2364,-1.6,-0.42,0.012,,,-2.08,0.02
,,,-0.2362,-1.68,-0.42,0.012,,,-2,0.0192
,,,-0.236,-1.68,-0.42,0.012,,,-2,0.0192
,,,-0.2358,-1.68,-0.448,0.0128,,,-2,0.0192
,,,-0.2356,-1.68,-0.448,0.0128,,,-1.92,0.0184
,,,-0.2354,-1.68,-0.448,0.0128,,,-2,0.0184
,,,-0.2352,-1.68,-0.448,0.0128,,,-2,0.0184
,,,-0.235,-1.76,-0.448,0.0128,,,-2,0.0184
,,,-0.2348,-1.76,-0.476,0.0136,,,-1.92,0.0176
,,,-0.2346,-1.76,-0.504,0.0144,,,-1.92,0.0184
,,,-0.2344,-1.76,-0.476,0.0136,,,-2.08,0.0184
,,,-0.2342,-1.76,-0.476,0.0136,,,-1.84,0.0176
,,,-0.234,-1.76,-0.504,0.0144,,,-1.92,0.0184
,,,-0.2338,-1.76,-0.504,0.0144,,,-1.84,0.0176
,,,-0.2336,-1.84,-0.504,0.0144,,,-1.92,0.0184
,,,-0.2334,-1.84,-0.532,0.0152,,,-1.84,0.0168
,,,-0.2332,-1.84,-0.504,0.0144,,,-1.84,0.0176
,,,-0.233,-1.84,-0.532,0.0152,,,-1.84,0.0176
,,,-0.2328,-1.92,-0.504,0.0144,,,-1.84,0.0168
,,,-0.2326,-1.92,-0.532,0.0152,,,-1.76,0.0176
,,,-0.2324,-1.92,-0.532,0.0152,,,-1.76,0.016
,,,-0.2322,-1.92,-0.532,0.0152,,,-1.76,0.0176
,,,-0.232,-1.92,-0.56,0.016,,,-1.68,0.0168
,,,-0.2318,-1.92,-0.56,0.016,,,-1.76,0.0168
,,,-0.2316,-1.92,-0.532,0.0152,,,-1.76,0.0168
,,,-0.2314,-1.92,-0.588,0.0168,,,-1.68,0.016
,,,-0.2312,-2,-0.56,0.016,,,-1.68,0.016
,,,-0.231,-2,-0.56,0.016,,,-1.68,0.0152
,,,-0.2308,-2,-0.588,0.0168,,,-1.68,0.0152
,,,-0.2306,-2,-0.56,0.016,,,-1.6,0.0168
,,,-0.2304,-2,-0.56,0.016,,,-1.6,0.016
,,,-0.2302,-2,-0.616,0.0176,,,-1.6,0.0152
,,,-0.23,-2,-0.588,0.0168,,,-1.52,0.0152
,,,-0.2298,-2,-0.616,0.0176,,,-1.6,0.0152
,,,-0.2296,-2.08,-0.588,0.0168,,,-1.52,0.0152
,,,-0.2294,-2.08,-0.644,0.0184,,,-1.52,0.0144
,,,-0.2292,-2.08,-0.588,0.0168,,,-1.52,0.0144
,,,-0.229,-2.08,-0.644,0.0184,,,-1.52,0.0152
,,,-0.2288,-2.08,-0.616,0.0176,,,-1.52,0.0144
,,,-0.2286,-2.08,-0.616,0.0176,,,-1.44,0.0136
,,,-0.2284,-2.08,-0.616,0.0176,,,-1.44,0.0136
,,,-0.2282,-1.92,-0.644,0.0184,,,-1.44,0.0136
,,,-0.228,-2.08,-0.616,0.0176,,,-1.44,0.0136
,,,-0.2278,-2.08,-0.616,0.0176,,,-1.36,0.0136
,,,-0.2276,-2.08,-0.616,0.0176,,,-1.36,0.0128
,,,-0.2274,-2.08,-0.644,0.0184,,,-1.28,0.0136
,,,-0.2272,-2.08,-0.616,0.0176,,,-1.36,0.012
,,,-0.227,-2.16,-0.644,0.0184,,,-1.28,0.0136
,,,-0.2268,-2.08,-0.644,0.0184,,,-1.2,0.0128
,,,-0.2266,-2.08,-0.644,0.0184,,,-1.2,0.012
,,,-0.2264,-2.08,-0.644,0.0184,,,-1.2,0.012
,,,-0.2262,-2.08,-0.616,0.0176,,,-1.2,0.012
,,,-0.226,-2.16,-0.644,0.0184,,,-1.12,0.012
,,,-0.2258,-2.08,-0.644,0.0184,,,-1.12,0.0112
,,,-0.2256,-2.08,-0.644,0.0184,,,-1.12,0.0112
,,,-0.2254,-2.08,-0.616,0.0176,,,-1.04,0.012
,,,-0.2252,-2.08,-0.644,0.0184,,,-1.04,0.0104
,,,-0.225,-2.08,-0.644,0.0184,,,-1.04,0.0112
,,,-0.2248,-2.16,-0.644,0.0184,,,-1.04,0.0104
,,,-0.2246,-2.08,-0.644,0.0184,,,-0.96,0.0096
,,,-0.2244,-2.08,-0.644,0.0184,,,-0.96,0.0112
,,,-0.2242,-2.16,-0.644,0.0184,,,-0.96,0.0096
,,,-0.224,-2.08,-0.644,0.0184,,,-0.88,0.0088
,,,-0.2238,-2.08,-0.644,0.0184,,,-0.88,0.0088
,,,-0.2236,-2.08,-0.644,0.0184,,,-0.88,0.0096
,,,-0.2234,-2.08,-0.644,0.0184,,,-0.88,0.0096
,,,-0.2232,-2.08,-0.672,0.0192,,,-0.8,0.0088
,,,-0.223,-2.08,-0.644,0.0184,,,-0.8,0.008
,,,-0.2228,-2.08,-0.672,0.0192,,,-0.72,0.0096
,,,-0.2226,-2.08,-0.644,0.0184,,,-0.72,0.0072
,,,-0.2224,-2.08,-0.672,0.0192,,,-0.72,0.008
,,,-0.2222,-2.08,-0.672,0.0192,,,-0.64,0.008
,,,-0.222,-2.08,-0.644,0.0184,,,-0.64,0.008
,,,-0.2218,-2.08,-0.672,0.0192,,,-0.56,0.008
,,,-0.2216,-2.08,-0.672,0.0192,,,-0.56,0.008
,,,-0.2214,-2,-0.644,0.0184,,,-0.56,0.0072
,,,-0.2212,-2.08,-0.672,0.0192,,,-0.48,0.0072
,,,-0.221,-2.08,-0.644,0.0184,,,-0.48,0.0064
,,,-0.2208,-2,-0.672,0.0192,,,-0.48,0.0064
,,,-0.2206,-2,-0.644,0.0184,,,-0.56,0.0064
,,,-0.2204,-2,-0.672,0.0192,,,-0.48,0.0064
,,,-0.2202,-1.92,-0.672,0.0192,,,-0.4,0.0056
,,,-0.22,-2,-0.644,0.0184,,,-0.4,0.0056
,,,-0.2198,-2,-0.672,0.0192,,,-0.4,0.0048
,,,-0.2196,-2,-0.672,0.0192,,,-0.24,0.0064
,,,-0.2194,-1.92,-0.7,0.02,,,-0.32,0.0056
,,,-0.2192,-1.92,-0.7,0.02,,,-0.24,0.0048
,,,-0.219,-2.08,-0.672,0.0192,,,-0.24,0.0056
,,,-0.2188,-1.84,-0.672,0.0192,,,-0.24,0.004
,,,-0.2186,-1.92,-0.644,0.0184,,,-0.16,0.004
,,,-0.2184,-1.84,-0.7,0.02,,,-0.16,0.004
,,,-0.2182,-1.92,-0.672,0.0192,,,-0.16,0.0032
,,,-0.218,-1.84,-0.7,0.02,,,-0.08,0.0024
,,,-0.2178,-1.84,-0.672,0.0192,,,-0.08,0.0024
,,,-0.2176,-1.84,-0.672,0.0192,,,-0.08,0.0032
,,,-0.2174,-1.84,-0.672,0.0192,,,0,0.0032
,,,-0.2172,-1.76,-0.644,0.0184,,,0,0.0024
,,,-0.217,-1.76,-0.644,0.0184,,,0.08,0.0016
,,,-0.2168,-1.76,-0.644,0.0184,,,0.08,0.0016
,,,-0.2166,-1.68,-0.644,0.0184,,,0.08,0.0032
,,,-0.2164,-1.76,-0.616,0.0176,,,0.16,0.0024
,,,-0.2162,-1.76,-0.644,0.0184,,,0.24,0.0008
,,,-0.216,-1.68,-0.644,0.0184,,,0.24,0.0016
,,,-0.2158,-1.68,-0.616,0.0176,,,0.24,0.0016
,,,-0.2156,-1.68,-0.644,0.0184,,,0.24,0.0016
,,,-0.2154,-1.68,-0.616,0.0176,,,0.16,0
,,,-0.2152,-1.6,-0.644,0.0184,,,0.24,0
,,,-0.215,-1.6,-0.588,0.0168,,,0.24,0
,,,-0.2148,-1.6,-0.616,0.0176,,,0.32,-0.0008
,,,-0.2146,-1.52,-0.616,0.0176,,,0.32,-0.0008
,,,-0.2144,-1.6,-0.588,0.0168,,,0.4,-0.0008
,,,-0.2142,-1.52,-0.616,0.0176,,,0.4,-0.0016
,,,-0.214,-1.52,-0.56,0.016,,,0.4,-0.0008
,,,-0.2138,-1.52,-0.616,0.0176,,,0.48,-0.0016
,,,-0.2136,-1.52,-0.588,0.0168,,,0.64,-0.0024
,,,-0.2134,-1.52,-0.588,0.0168,,,0.56,-0.0016
,,,-0.2132,-1.44,-0.588,0.0168,,,0.56,-0.0016
,,,-0.213,-1.44,-0.56,0.016,,,0.64,-0.0024
,,,-0.2128,-1.44,-0.56,0.016,,,0.64,-0.0024
,,,-0.2126,-1.44,-0.532,0.0152,,,0.56,-0.0032
,,,-0.2124,-1.36,-0.532,0.0152,,,0.64,-0.0032
,,,-0.2122,-1.36,-0.588,0.0168,,,0.64,-0.0032
,,,-0.212,-1.28,-0.56,0.016,,,0.72,-0.0032
,,,-0.2118,-1.36,-0.532,0.0152,,,0.72,-0.0032
,,,-0.2116,-1.28,-0.532,0.0152,,,0.8,-0.004
,,,-0.2114,-1.2,-0.532,0.0152,,,0.72,-0.0048
,,,-0.2112,-1.2,-0.532,0.0152,,,0.8,-0.004
,,,-0.211,-1.2,-0.504,0.0144,,,0.8,-0.004
,,,-0.2108,-1.2,-0.504,0.0144,,,0.88,-0.0048
,,,-0.2106,-1.12,-0.532,0.0152,,,0.88,-0.004
,,,-0.2104,-1.12,-0.504,0.0144,,,0.88,-0.0056
,,,-0.2102,-1.12,-0.476,0.0136,,,0.96,-0.0048
,,,-0.21,-1.04,-0.476,0.0136,,,0.96,-0.0048
,,,-0.2098,-1.04,-0.476,0.0136,,,0.96,-0.0056
,,,-0.2096,-1.04,-0.476,0.0136,,,0.96,-0.0056
,,,-0.2094,-1.04,-0.476,0.0136,,,1.04,-0.0056
,,,-0.2092,-0.96,-0.448,0.0128,,,1.04,-0.0064
,,,-0.209,-0.96,-0.476,0.0136,,,1.12,-0.0064
,,,-0.2088,-0.96,-0.42,0.012,,,1.04,-0.0056
,,,-0.2086,-0.88,-0.476,0.0136,,,1.12,-0.0056
,,,-0.2084,-0.88,-0.448,0.0128,,,1.12,-0.0064
,,,-0.2082,-0.88,-0.42,0.012,,,1.12,-0.0064
,,,-0.208,-0.88,-0.42,0.012,,,1.2,-0.0064
,,,-0.2078,-0.8,-0.42,0.012,,,1.2,-0.0064
,,,-0.2076,-0.8,-0.42,0.012,,,1.2,-0.0072
,,,-0.2074,-0.72,-0.392,0.0112,,,1.28,-0.008
,,,-0.2072,-0.72,-0.392,0.0112,,,1.28,-0.0072
,,,-0.207,-0.72,-0.42,0.012,,,1.28,-0.0072
,,,-0.2068,-0.64,-0.364,0.0104,,,1.28,-0.0072
,,,-0.2066,-0.64,-0.392,0.0112,,,1.36,-0.008
,,,-0.2064,-0.56,-0.364,0.0104,,,1.36,-0.0072
,,,-0.2062,-0.56,-0.336,0.0096,,,1.44,-0.0096
,,,-0.206,-0.56,-0.392,0.0112,,,1.36,-0.0088
,,,-0.2058,-0.48,-0.336,0.0096,,,1.44,-0.0088
,,,-0.2056,-0.48,-0.308,0.0088,,,1.44,-0.0088
,,,-0.2054,-0.48,-0.308,0.0088,,,1.52,-0.0088
,,,-0.2052,-0.56,-0.336,0.0096,,,1.44,-0.0104
,,,-0.205,-0.48,-0.336,0.0096,,,1.52,-0.0104
,,,-0.2048,-0.4,-0.308,0.0088,,,1.52,-0.0104
,,,-0.2046,-0.4,-0.28,0.008,,,1.52,-0.0104
,,,-0.2044,-0.4,-0.336,0.0096,,,1.6,-0.0104
,,,-0.2042,-0.24,-0.252,0.0072,,,1.52,-0.0112
,,,-0.204,-0.32,-0.28,0.008,,,1.6,-0.0112
,,,-0.2038,-0.24,-0.28,0.008,,,1.76,-0.0112
,,,-0.2036,-0.24,-0.28,0.008,,,1.68,-0.0112
,,,-0.2034,-0.24,-0.28,0.008,,,1.6,-0.012
,,,-0.2032,-0.16,-0.28,0.008,,,1.76,-0.0128
,,,-0.203,-0.16,-0.252,0.0072,,,1.68,-0.012
,,,-0.2028,-0.16,-0.252,0.0072,,,1.68,-0.012
,,,-0.2026,-0.08,-0.224,0.0064,,,1.68,-0.012
,,,-0.2024,-0.08,-0.224,0.0064,,,1.76,-0.0112
,,,-0.2022,-0.08,-0.224,0.0064,,,1.76,-0.0112
,,,-0.202,0,-0.224,0.0064,,,1.76,-0.0128
,,,-0.2018,0,-0.196,0.0056,,,1.92,-0.012
,,,-0.2016,0.08,-0.196,0.0056,,,1.76,-0.0128
,,,-0.2014,0.08,-0.168,0.0048,,,1.76,-0.0128
,,,-0.2012,0.08,-0.224,0.0064,,,1.76,-0.012
,,,-0.201,0.16,-0.196,0.0056,,,1.84,-0.0128
,,,-0.2008,0.24,-0.168,0.0048,,,1.84,-0.0136
,,,-0.2006,0.24,-0.196,0.0056,,,1.84,-0.0136
,,,-0.2004,0.24,-0.14,0.004,,,1.92,-0.0136
,,,-0.2002,0.24,-0.14,0.004,,,1.92,-0.0136
,,,-0.2,0.16,-0.14,0.004,,,1.92,-0.0136
,,,-0.1998,0.24,-0.112,0.0032,,,1.92,-0.0144
,,,-0.1996,0.24,-0.084,0.0024,,,1.92,-0.0136
,,,-0.1994,0.32,-0.084,0.0024,,,1.92,-0.0152
,,,-0.1992,0.32,-0.112,0.0032,,,1.92,-0.0144
,,,-0.199,0.4,-0.112,0.0032,,,2,-0.0136
,,,-0.1988,0.4,-0.084,0.0024,,,1.84,-0.016
,,,-0.1986,0.4,-0.056,0.0016,,,1.92,-0.0136
,,,-0.1984,0.48,-0.056,0.0016,,,2,-0.0144
,,,-0.1982,0.64,-0.112,0.0032,,,2,-0.0144
,,,-0.198,0.56,-0.084,0.0024,,,2,-0.0144
,,,-0.1978,0.56,-0.028,0.0008,,,2,-0.0144
,,,-0.1976,0.64,-0.056,0.0016,,,2,-0.0152
,,,-0.1974,0.64,-0.056,0.0016,,,2,-0.0152
,,,-0.1972,0.56,-0.056,0.0016,,,2.08,-0.0152
,,,-0.197,0.64,0,0,,,2.08,-0.016
,,,-0.1968,0.64,0,0,,,2,-0.0152
,,,-0.1966,0.72,0,0,,,2.08,-0.016
,,,-0.1964,0.72,0.028,-0.0008,,,2.08,-0.0152
,,,-0.1962,0.8,0.028,-0.0008,,,2.08,-0.0168
,,,-0.196,0.72,0.028,-0.0008,,,2.08,-0.016
,,,-0.1958,0.8,0.056,-0.0016,,,2.16,-0.016
,,,-0.1956,0.8,0.028,-0.0008,,,2.16,-0.016
,,,-0.1954,0.88,0.056,-0.0016,,,2.08,-0.016
,,,-0.1952,0.88,0.084,-0.0024,,,2.08,-0.0168
,,,-0.195,0.88,0.056,-0.0016,,,2.08,-0.0168
,,,-0.1948,0.96,0.056,-0.0016,,,2.08,-0.016
,,,-0.1946,0.96,0.084,-0.0024,,,2.08,-0.016
,,,-0.1944,0.96,0.084,-0.0024,,,2.08,-0.016
,,,-0.1942,0.96,0.112,-0.0032,,,2.16,-0.016
,,,-0.194,1.04,0.112,-0.0032,,,2.08,-0.016
,,,-0.1938,1.04,0.112,-0.0032,,,2.08,-0.0176
,,,-0.1936,1.12,0.112,-0.0032,,,2.08,-0.016
,,,-0.1934,1.04,0.112,-0.0032,,,2.08,-0.016
,,,-0.1932,1.12,0.14,-0.004,,,,-0.0168
,,,-0.193,1.12,0.168,-0.0048,,,,-0.016
,,,-0.1928,1.12,0.14,-0.004,,,,-0.0176
,,,-0.1926,1.2,0.14,-0.004,,,,-0.0176
,,,-0.1924,1.2,0.168,-0.0048,,,,-0.0168
,,,-0.1922,1.2,0.14,-0.004,,,,-0.0168
,,,-0.192,1.28,0.196,-0.0056,,,,-0.0168
,,,-0.1918,1.28,0.168,-0.0048,,,,-0.0176
,,,-0.1916,1.28,0.168,-0.0048,,,,-0.0168
,,,-0.1914,1.28,0.196,-0.0056,,,,-0.0176
,,,-0.1912,1.36,0.196,-0.0056,,,,-0.0168
,,,-0.191,1.36,0.196,-0.0056,,,,-0.0184
,,,-0.1908,1.44,0.224,-0.0064,,,,-0.0184
,,,-0.1906,1.36,0.224,-0.0064,,,,-0.0184
,,,-0.1904,1.44,0.196,-0.0056,,,,-0.0184
,,,-0.1902,1.44,0.196,-0.0056,,,,-0.0168
,,,-0.19,1.52,0.224,-0.0064,,,,-0.0176
,,,-0.1898,1.44,0.224,-0.0064,,,,-0.0184
,,,-0.1896,1.52,0.224,-0.0064,,,,-0.0184
,,,-0.1894,1.52,0.224,-0.0064,,,,-0.0176
,,,-0.1892,1.52,0.252,-0.0072,,,,-0.0184
,,,-0.189,1.6,0.28,-0.008,,,,-0.0176
,,,-0.1888,1.52,0.252,-0.0072,,,,-0.0184
,,,-0.1886,1.6,0.252,-0.0072,,,,-0.0176
,,,-0.1884,1.76,0.252,-0.0072,,,,-0.0176
,,,-0.1882,1.68,0.28,-0.008,,,,-0.0168
,,,-0.188,1.6,0.252,-0.0072,,,,-0.0176
,,,-0.1878,1.76,0.336,-0.0096,,,,-0.0176
,,,-0.1876,1.68,0.308,-0.0088,,,,-0.0176
,,,-0.1874,1.68,0.308,-0.0088,,,,
,,,-0.1872,1.68,0.308,-0.0088,,,,
,,,-0.187,1.76,0.308,-0.0088,,,,
,,,-0.1868,1.76,0.364,-0.0104,,,,
,,,-0.1866,1.76,0.364,-0.0104,,,,
,,,-0.1864,1.92,0.364,-0.0104,,,,
,,,-0.1862,1.76,0.364,-0.0104,,,,
,,,-0.186,1.76,0.364,-0.0104,,,,
,,,-0.1858,1.76,0.392,-0.0112,,,,
,,,-0.1856,1.84,0.392,-0.0112,,,,
,,,-0.1854,1.84,0.392,-0.0112,,,,
,,,-0.1852,1.84,0.392,-0.0112,,,,
,,,-0.185,1.92,0.42,-0.012,,,,
,,,-0.1848,1.92,0.448,-0.0128,,,,
,,,-0.1846,1.92,0.42,-0.012,,,,
,,,-0.1844,1.92,0.42,-0.012,,,,
,,,-0.1842,1.92,0.42,-0.012,,,,
,,,-0.184,1.92,0.392,-0.0112,,,,
,,,-0.1838,1.92,0.392,-0.0112,,,,
,,,-0.1836,2,0.448,-0.0128,,,,
,,,-0.1834,1.84,0.42,-0.012,,,,
,,,-0.1832,1.92,0.448,-0.0128,,,,
,,,-0.183,2,0.448,-0.0128,,,,
,,,-0.1828,2,0.42,-0.012,,,,
,,,-0.1826,2,0.448,-0.0128,,,,
,,,-0.1824,2,0.476,-0.0136,,,,
,,,-0.1822,2,0.476,-0.0136,,,,
,,,-0.182,2,0.476,-0.0136,,,,
,,,-0.1818,2.08,0.476,-0.0136,,,,
,,,-0.1816,2.08,0.476,-0.0136,,,,
,,,-0.1814,2,0.504,-0.0144,,,,
,,,-0.1812,2.08,0.476,-0.0136,,,,
,,,-0.181,2.08,0.532,-0.0152,,,,
,,,-0.1808,2.08,0.504,-0.0144,,,,
,,,-0.1806,2.08,0.476,-0.0136,,,,
,,,-0.1804,2.16,0.56,-0.016,,,,
,,,-0.1802,2.16,0.476,-0.0136,,,,
,,,-0.18,2.08,0.504,-0.0144,,,,
,,,-0.1798,2.08,0.504,-0.0144,,,,
,,,-0.1796,2.08,0.504,-0.0144,,,,
,,,-0.1794,2.08,0.504,-0.0144,,,,
,,,-0.1792,2.08,0.532,-0.0152,,,,
,,,-0.179,2.08,0.532,-0.0152,,,,
,,,-0.1788,2.16,0.532,-0.0152,,,,
,,,-0.1786,2.08,0.56,-0.016,,,,
,,,-0.1784,2.08,0.532,-0.0152,,,,
,,,-0.1782,2.08,0.56,-0.016,,,,
,,,-0.178,2.08,0.532,-0.0152,,,,
,,,-0.1778,2.08,0.588,-0.0168,,,,
,,,-0.1776,2.08,0.56,-0.016,,,,
,,,-0.1774,2.08,0.56,-0.016,,,,
,,,-0.1772,2.08,0.56,-0.016,,,,
,,,-0.177,2.08,0.56,-0.016,,,,
,,,-0.1768,2.08,0.588,-0.0168,,,,
,,,-0.1766,2.08,0.588,-0.0168,,,,
,,,-0.1764,2.08,0.56,-0.016,,,,
,,,-0.1762,2.08,0.56,-0.016,,,,
,,,-0.176,2.08,0.56,-0.016,,,,
,,,-0.1758,2.16,0.56,-0.016,,,,
,,,-0.1756,2.08,0.56,-0.016,,,,
,,,-0.1754,2.08,0.616,-0.0176,,,,
,,,-0.1752,2.08,0.56,-0.016,,,,
,,,-0.175,2.08,0.56,-0.016,,,,
,,,-0.1748,2.08,0.588,-0.0168,,,,
,,,-0.1746,2.08,0.56,-0.016,,,,
,,,-0.1744,2.08,0.616,-0.0176,,,,
,,,-0.1742,2.08,0.616,-0.0176,,,,
,,,-0.174,2,0.588,-0.0168,,,,
,,,-0.1738,2.08,0.588,-0.0168,,,,
,,,-0.1736,2.08,0.588,-0.0168,,,,
,,,-0.1734,2,0.616,-0.0176,,,,
,,,-0.1732,2,0.588,-0.0168,,,,
,,,-0.173,2.08,0.616,-0.0176,,,,,-0.226
,,,-0.1728,2.08,0.588,-0.0168,,,,,-0.173
,,,-0.1726,2.08,0.644,-0.0184,,,,,0.106
,,,-0.1724,2,0.644,-0.0184,,,,,9.433962264
,,,-0.1722,2,0.644,-0.0184,,,,,
,,,-0.172,2,0.644,-0.0184,,,,,
,,,-0.1718,2,0.588,-0.0168,,,,,
,,,-0.1716,2,0.616,-0.0176,,,,,
,,,-0.1714,2,0.644,-0.0184,,,,,
,,,-0.1712,2,0.644,-0.0184,,,,,
,,,-0.171,1.92,0.616,-0.0176,,,,,
,,,-0.1708,2,0.644,-0.0184,,,,,
,,,-0.1706,1.92,0.616,-0.0176,,,,,
,,,-0.1704,1.92,0.644,-0.0184,,,,,
,,,-0.1702,1.92,0.616,-0.0176,,,,,
,,,-0.17,1.92,0.616,-0.0176,,,,,
,,,-0.1698,1.84,0.588,-0.0168,,,,,
,,,-0.1696,1.92,0.616,-0.0176,,,,,
,,,-0.1694,1.84,0.616,-0.0176,,,,,
,,,-0.1692,1.84,0.616,-0.0176,,,,,
,,,-0.169,1.92,0.616,-0.0176,,,,,
,,,-0.1688,1.84,0.616,-0.0176,,,,,
,,,-0.1686,1.84,0.616,-0.0176,,,,,
,,,-0.1684,1.84,0.644,-0.0184,,,,,
,,,-0.1682,1.84,0.616,-0.0176,,,,,
,,,-0.168,1.76,0.644,-0.0184,,,,,
,,,-0.1678,1.76,0.588,-0.0168,,,,,
,,,-0.1676,1.76,0.588,-0.0168,,,,,
,,,-0.1674,1.76,0.616,-0.0176,,,,,
,,,-0.1672,1.76,0.588,-0.0168,,,,,
,,,-0.167,1.76,0.588,-0.0168,,,,,
,,,-0.1668,1.68,0.616,-0.0176,,,,,
,,,-0.1666,1.68,0.588,-0.0168,,,,,
,,,-0.1664,1.68,0.616,-0.0176,,,,,
,,,-0.1662,1.68,0.616,-0.0176,,,,,
,,,-0.166,1.68,0.616,-0.0176,,,,,
,,,-0.1658,1.68,0.644,-0.0184,,,,,
,,,-0.1656,1.68,0.588,-0.0168,,,,,
,,,-0.1654,1.6,0.588,-0.0168,,,,,
,,,-0.1652,1.52,0.616,-0.0176,,,,,
,,,-0.165,1.6,0.616,-0.0176,,,,,
,,,-0.1648,1.52,0.588,-0.0168,,,,,
,,,-0.1646,1.52,0.588,-0.0168,,,,,
,,,-0.1644,1.52,0.588,-0.0168,,,,,
,,,-0.1642,1.44,0.644,-0.0184,,,,,
,,,-0.164,1.52,0.56,-0.016,,,,,
,,,-0.1638,1.44,0.56,-0.016,,,,,
,,,-0.1636,1.44,0.588,-0.0168,,,,,
,,,-0.1634,1.44,0.588,-0.0168,,,,,
,,,-0.1632,1.36,0.588,-0.0168,,,,,
,,,-0.163,1.36,0.56,-0.016,,,,,
,,,-0.1628,1.36,0.56,-0.016,,,,,
,,,-0.1626,1.36,0.56,-0.016,,,,,
,,,-0.1624,1.28,0.616,-0.0176,,,,,
,,,-0.1622,1.28,0.56,-0.016,,,,,
,,,-0.162,1.28,0.532,-0.0152,,,,,
,,,-0.1618,1.28,0.532,-0.0152,,,,,
,,,-0.1616,1.28,0.532,-0.0152,,,,,
,,,-0.1614,1.2,0.56,-0.016,,,,,
,,,-0.1612,1.2,0.56,-0.016,,,,,
,,,-0.161,1.2,0.56,-0.016,,,,,
,,,-0.1608,1.12,0.532,-0.0152,,,,,
,,,-0.1606,1.2,0.504,-0.0144,,,,,
,,,-0.1604,1.12,0.532,-0.0152,,,,,
,,,-0.1602,1.12,0.504,-0.0144,,,,,
,,,-0.16,1.04,0.476,-0.0136,,,,,
,,,-0.1598,1.04,0.504,-0.0144,,,,,
,,,-0.1596,1.04,0.504,-0.0144,,,,,
,,,-0.1594,0.96,0.504,-0.0144,,,,,
,,,-0.1592,0.96,0.476,-0.0136,,,,,
,,,-0.159,0.96,0.448,-0.0128,,,,,
,,,-0.1588,0.96,0.476,-0.0136,,,,,
,,,-0.1586,0.88,0.476,-0.0136,,,,,
,,,-0.1584,0.88,0.476,-0.0136,,,,,
,,,-0.1582,0.88,0.476,-0.0136,,,,,
,,,-0.158,0.88,0.476,-0.0136,,,,,
,,,-0.1578,0.88,0.476,-0.0136,,,,,
,,,-0.1576,0.8,0.448,-0.0128,,,,,
,,,-0.1574,0.8,0.448,-0.0128,,,,,
,,,-0.1572,0.8,0.42,-0.012,,,,,
,,,-0.157,0.72,0.42,-0.012,,,,,
,,,-0.1568,0.8,0.448,-0.0128,,,,,
,,,-0.1566,0.72,0.392,-0.0112,,,,,
,,,-0.1564,0.72,0.392,-0.0112,,,,,
,,,-0.1562,0.64,0.392,-0.0112,,,,,
,,,-0.156,0.64,0.42,-0.012,,,,,
,,,-0.1558,0.64,0.392,-0.0112,,,,,
,,,-0.1556,0.56,0.392,-0.0112,,,,,
,,,-0.1554,0.56,0.392,-0.0112,,,,,
,,,-0.1552,0.48,0.336,-0.0096,,,,,
,,,-0.155,0.48,0.364,-0.0104,,,,,
,,,-0.1548,0.48,0.364,-0.0104,,,,,
,,,-0.1546,0.48,0.308,-0.0088,,,,,
,,,-0.1544,0.4,0.308,-0.0088,,,,,
,,,-0.1542,0.4,0.336,-0.0096,,,,,
,,,-0.154,0.32,0.336,-0.0096,,,,,
,,,-0.1538,0.32,0.336,-0.0096,,,,,
,,,-0.1536,0.32,0.308,-0.0088,,,,,
,,,-0.1534,0.32,0.28,-0.008,,,,,
,,,-0.1532,0.24,0.308,-0.0088,,,,,
,,,-0.153,0.24,0.28,-0.008,,,,,
,,,-0.1528,0.24,0.252,-0.0072,,,,,
,,,-0.1526,0.24,0.252,-0.0072,,,,,
,,,-0.1524,0.24,0.28,-0.008,,,,,
,,,-0.1522,0.16,0.224,-0.0064,,,,,
,,,-0.152,0.16,0.252,-0.0072,,,,,
,,,-0.1518,0.08,0.252,-0.0072,,,,,
,,,-0.1516,0.16,0.196,-0.0056,,,,,
,,,-0.1514,0.16,0.224,-0.0064,,,,,
,,,-0.1512,0.08,0.196,-0.0056,,,,,
,,,-0.151,0.08,0.196,-0.0056,,,,,
,,,-0.1508,0,0.196,-0.0056,,,,,
,,,-0.1506,0,0.168,-0.0048,,,,,
,,,-0.1504,0,0.168,-0.0048,,,,,
,,,-0.1502,-0.08,0.168,-0.0048,,,,,
,,,-0.15,-0.08,0.14,-0.004,,,,,
,,,-0.1498,-0.08,0.112,-0.0032,,,,,
,,,-0.1496,-0.16,0.112,-0.0032,,,,,
,,,-0.1494,-0.16,0.112,-0.0032,,,,,
,,,-0.1492,-0.16,0.112,-0.0032,,,,,
,,,-0.149,-0.24,0.14,-0.004,,,,,
,,,-0.1488,-0.24,0.112,-0.0032,,,,,
,,,-0.1486,-0.24,0.084,-0.0024,,,,,
,,,-0.1484,-0.24,0.084,-0.0024,,,,,
,,,-0.1482,-0.32,0.056,-0.0016,,,,,
,,,-0.148,-0.32,0.056,-0.0016,,,,,
,,,-0.1478,-0.32,0.056,-0.0016,,,,,
,,,-0.1476,-0.4,0.028,-0.0008,,,,,
,,,-0.1474,-0.4,0.028,-0.0008,,,,,
,,,-0.1472,-0.48,0.028,-0.0008,,,,,
,,,-0.147,-0.48,0,0,,,,,
,,,-0.1468,-0.48,-0.028,0.0008,,,,,
,,,-0.1466,-0.56,-0.028,0.0008,,,,,
,,,-0.1464,-0.56,-0.028,0.0008,,,,,
,,,-0.1462,-0.56,-0.056,0.0016,,,,,
,,,-0.146,-0.56,-0.028,0.0008,,,,,
,,,-0.1458,-0.56,-0.056,0.0016,,,,,
,,,-0.1456,-0.56,-0.084,0.0024,,,,,
,,,-0.1454,-0.72,-0.084,0.0024,,,,,
,,,-0.1452,-0.64,-0.084,0.0024,,,,,
,,,-0.145,-0.72,-0.112,0.0032,,,,,
,,,-0.1448,-0.72,-0.084,0.0024,,,,,
,,,-0.1446,-0.8,-0.112,0.0032,,,,,
,,,-0.1444,-0.8,-0.084,0.0024,,,,,
,,,-0.1442,-0.8,-0.112,0.0032,,,,,
,,,-0.144,-0.8,-0.112,0.0032,,,,,
,,,-0.1438,-0.8,-0.14,0.004,,,,,
,,,-0.1436,-0.88,-0.14,0.004,,,,,
,,,-0.1434,-0.88,-0.168,0.0048,,,,,
,,,-0.1432,-0.88,-0.168,0.0048,,,,,
,,,-0.143,-0.88,-0.168,0.0048,,,,,
,,,-0.1428,-0.96,-0.168,0.0048,,,,,
,,,-0.1426,-0.96,-0.14,0.004,,,,,
,,,-0.1424,-1.04,-0.196,0.0056,,,,,
,,,-0.1422,-1.04,-0.196,0.0056,,,,,
,,,-0.142,-0.88,-0.196,0.0056,,,,,
,,,-0.1418,-1.04,-0.224,0.0064,,,,,
,,,-0.1416,-1.04,-0.224,0.0064,,,,,
,,,-0.1414,-1.12,-0.168,0.0048,,,,,
,,,-0.1412,-1.12,-0.224,0.0064,,,,,
,,,-0.141,-1.2,-0.224,0.0064,,,,,
,,,-0.1408,-1.2,-0.252,0.0072,,,,,
,,,-0.1406,-1.2,-0.224,0.0064,,,,,
,,,-0.1404,-1.28,-0.252,0.0072,,,,,
,,,-0.1402,-1.28,-0.28,0.008,,,,,
,,,-0.14,-1.36,-0.28,0.008,,,,,
,,,-0.1398,-1.28,-0.28,0.008,,,,,
,,,-0.1396,-1.36,-0.28,0.008,,,,,
,,,-0.1394,-1.28,-0.28,0.008,,,,,
,,,-0.1392,-1.36,-0.28,0.008,,,,,
,,,-0.139,-1.36,-0.308,0.0088,,,,,
,,,-0.1388,-1.44,-0.336,0.0096,,,,,
,,,-0.1386,-1.36,-0.308,0.0088,,,,,
,,,-0.1384,-1.44,-0.308,0.0088,,,,,
,,,-0.1382,-1.52,-0.364,0.0104,,,,,
,,,-0.138,-1.52,-0.336,0.0096,,,,,
,,,-0.1378,-1.52,-0.364,0.0104,,,,,
,,,-0.1376,-1.52,-0.364,0.0104,,,,,
,,,-0.1374,-1.44,-0.336,0.0096,,,,,
,,,-0.1372,-1.52,-0.392,0.0112,,,,,
,,,-0.137,-1.6,-0.364,0.0104,,,,,
,,,-0.1368,-1.52,-0.392,0.0112,,,,,
,,,-0.1366,-1.6,-0.392,0.0112,,,,,
,,,-0.1364,-1.6,-0.42,0.012,,,,,
,,,-0.1362,-1.6,-0.392,0.0112,,,,,
,,,-0.136,-1.68,-0.42,0.012,,,,,
,,,-0.1358,-1.6,-0.42,0.012,,,,,
,,,-0.1356,-1.68,-0.42,0.012,,,,,
,,,-0.1354,-1.68,-0.448,0.0128,,,,,
,,,-0.1352,-1.68,-0.448,0.0128,,,,,
,,,-0.135,-1.68,-0.476,0.0136,,,,,
,,,-0.1348,-1.68,-0.448,0.0128,,,,,
,,,-0.1346,-1.68,-0.448,0.0128,,,,,
,,,-0.1344,-1.68,-0.476,0.0136,,,,,
,,,-0.1342,-1.76,-0.476,0.0136,,,,,
,,,-0.134,-1.84,-0.476,0.0136,,,,,
,,,-0.1338,-1.76,-0.532,0.0152,,,,,
,,,-0.1336,-1.76,-0.504,0.0144,,,,,
,,,-0.1334,-1.84,-0.504,0.0144,,,,,
,,,-0.1332,-1.92,-0.504,0.0144,,,,,
,,,-0.133,-2,-0.504,0.0144,,,,,
,,,-0.1328,-1.84,-0.532,0.0152,,,,,
,,,-0.1326,-1.84,-0.532,0.0152,,,,,
,,,-0.1324,-1.92,-0.532,0.0152,,,,,
,,,-0.1322,-1.84,-0.504,0.0144,,,,,
,,,-0.132,-1.92,-0.56,0.016,,,,,
,,,-0.1318,-1.92,-0.588,0.0168,,,,,
,,,-0.1316,-1.92,-0.56,0.016,,,,,
,,,-0.1314,-1.92,-0.504,0.0144,,,,,
,,,-0.1312,-1.92,-0.56,0.016,,,,,
,,,-0.131,-2,-0.56,0.016,,,,,
,,,-0.1308,-2,-0.588,0.0168,,,,,
,,,-0.1306,-2,-0.56,0.016,,,,,
,,,-0.1304,-2,-0.588,0.0168,,,,,
,,,-0.1302,-2,-0.56,0.016,,,,,
,,,-0.13,-2,-0.588,0.0168,,,,,
,,,-0.1298,-2,-0.588,0.0168,,,,,
,,,-0.1296,-2,-0.616,0.0176,,,,,
,,,-0.1294,-2,-0.616,0.0176,,,,,
,,,-0.1292,-2.08,-0.56,0.016,,,,,
,,,-0.129,-2.08,-0.588,0.0168,,,,,
,,,-0.1288,-2,-0.644,0.0184,,,,,
,,,-0.1286,-2.08,-0.616,0.0176,,,,,
,,,-0.1284,-2.08,-0.644,0.0184,,,,,
,,,-0.1282,-2.08,-0.588,0.0168,,,,,
,,,-0.128,-2.08,-0.644,0.0184,,,,,
,,,-0.1278,-2.08,-0.644,0.0184,,,,,
,,,-0.1276,-2.08,-0.616,0.0176,,,,,
,,,-0.1274,-2.08,-0.616,0.0176,,,,,
,,,-0.1272,-2,-0.616,0.0176,,,,,
,,,-0.127,-2.08,-0.644,0.0184,,,,,
,,,-0.1268,-2.08,-0.616,0.0176,,,,,
,,,-0.1266,-2.16,-0.644,0.0184,,,,,
,,,-0.1264,-2.16,-0.616,0.0176,,,,,
,,,-0.1262,-2.08,-0.616,0.0176,,,,,
,,,-0.126,-2.08,-0.644,0.0184,,,,,
,,,-0.1258,-2.16,-0.644,0.0184,,,,,
,,,-0.1256,-2.08,-0.644,0.0184,,,,,
,,,-0.1254,-2.08,-0.644,0.0184,,,,,
,,,-0.1252,-2.08,-0.644,0.0184,,,,,
,,,-0.125,-2.08,-0.644,0.0184,,,,,
,,,-0.1248,-2.08,-0.644,0.0184,,,,,
,,,-0.1246,-2.16,-0.616,0.0176,,,,,
,,,-0.1244,-2.16,-0.644,0.0184,,,,,
,,,-0.1242,-2.08,-0.644,0.0184,,,,,
,,,-0.124,-2.08,-0.644,0.0184,,,,,
,,,-0.1238,-2.08,-0.644,0.0184,,,,,
,,,-0.1236,-2.08,-0.644,0.0184,,,,,
,,,-0.1234,-2,-0.644,0.0184,,,,,
,,,-0.1232,-2.08,-0.644,0.0184,,,,,
,,,-0.123,-2.08,-0.672,0.0192,,,,,
,,,-0.1228,-2.08,-0.672,0.0192,,,,,
,,,-0.1226,-2.08,-0.672,0.0192,,,,,
,,,-0.1224,-2.08,-0.672,0.0192,,,,,
,,,-0.1222,-2,-0.672,0.0192,,,,,
,,,-0.122,-2,-0.7,0.02,,,,,
,,,-0.1218,-2.08,-0.7,0.02,,,,,
,,,-0.1216,-2.08,-0.644,0.0184,,,,,
,,,-0.1214,-2,-0.672,0.0192,,,,,
,,,-0.1212,-2.08,-0.672,0.0192,,,,,
,,,-0.121,-2.08,-0.644,0.0184,,,,,
,,,-0.1208,-2,-0.644,0.0184,,,,,
,,,-0.1206,-2,-0.644,0.0184,,,,,
,,,-0.1204,-1.92,-0.7,0.02,,,,,
,,,-0.1202,-2,-0.672,0.0192,,,,,
,,,-0.12,-2,-0.644,0.0184,,,,,
,,,-0.1198,-2,-0.672,0.0192,,,,,
,,,-0.1196,-2,-0.672,0.0192,,,,,
,,,-0.1194,-1.92,-0.672,0.0192,,,,,
,,,-0.1192,-1.92,-0.672,0.0192,,,,,
,,,-0.119,-1.92,-0.7,0.02,,,,,
,,,-0.1188,-1.92,-0.672,0.0192,,,,,
,,,-0.1186,-1.92,-0.672,0.0192,,,,,
,,,-0.1184,-2,-0.672,0.0192,,,,,
,,,-0.1182,-1.92,-0.644,0.0184,,,,,
,,,-0.118,-1.84,-0.644,0.0184,,,,,
,,,-0.1178,-1.76,-0.672,0.0192,,,,,
,,,-0.1176,-1.84,-0.672,0.0192,,,,,
,,,-0.1174,-1.84,-0.672,0.0192,,,,,
,,,-0.1172,-1.84,-0.672,0.0192,,,,,
,,,-0.117,-1.76,-0.644,0.0184,,,,,
,,,-0.1168,-1.68,-0.644,0.0184,,,,,
,,,-0.1166,-1.76,-0.644,0.0184,,,,,
,,,-0.1164,-1.76,-0.644,0.0184,,,,,
,,,-0.1162,-1.68,-0.644,0.0184,,,,,
,,,-0.116,-1.68,-0.644,0.0184,,,,,
,,,-0.1158,-1.68,-0.644,0.0184,,,,,
,,,-0.1156,-1.6,-0.644,0.0184,,,,,
,,,-0.1154,-1.68,-0.616,0.0176,,,,,
,,,-0.1152,-1.6,-0.644,0.0184,,,,,
,,,-0.115,-1.6,-0.616,0.0176,,,,,
,,,-0.1148,-1.6,-0.616,0.0176,,,,,
,,,-0.1146,-1.6,-0.644,0.0184,,,,,
,,,-0.1144,-1.52,-0.616,0.0176,,,,,
,,,-0.1142,-1.52,-0.588,0.0168,,,,,
,,,-0.114,-1.52,-0.616,0.0176,,,,,
,,,-0.1138,-1.52,-0.56,0.016,,,,,
,,,-0.1136,-1.52,-0.588,0.0168,,,,,
,,,-0.1134,-1.52,-0.588,0.0168,,,,,
,,,-0.1132,-1.52,-0.588,0.0168,,,,,
,,,-0.113,-1.44,-0.56,0.016,,,,,
,,,-0.1128,-1.44,-0.56,0.016,,,,,
,,,-0.1126,-1.36,-0.56,0.016,,,,,
,,,-0.1124,-1.36,-0.56,0.016,,,,,
,,,-0.1122,-1.36,-0.56,0.016,,,,,
,,,-0.112,-1.36,-0.504,0.0144,,,,,
,,,-0.1118,-1.28,-0.504,0.0144,,,,,
,,,-0.1116,-1.28,-0.532,0.0152,,,,,
,,,-0.1114,-1.28,-0.532,0.0152,,,,,
,,,-0.1112,-1.28,-0.532,0.0152,,,,,
,,,-0.111,-1.28,-0.504,0.0144,,,,,
,,,-0.1108,-1.2,-0.504,0.0144,,,,,
,,,-0.1106,-1.2,-0.532,0.0152,,,,,
,,,-0.1104,-1.2,-0.56,0.016,,,,,
,,,-0.1102,-1.12,-0.504,0.0144,,,,,
,,,-0.11,-1.12,-0.476,0.0136,,,,,
,,,-0.1098,-1.12,-0.476,0.0136,,,,,
,,,-0.1096,-1.04,-0.476,0.0136,,,,,
,,,-0.1094,-1.04,-0.476,0.0136,,,,,
,,,-0.1092,-1.04,-0.448,0.0128,,,,,
,,,-0.109,-0.96,-0.448,0.0128,,,,,
,,,-0.1088,-0.96,-0.42,0.012,,,,,
,,,-0.1086,-0.96,-0.448,0.0128,,,,,
,,,-0.1084,-0.88,-0.42,0.012,,,,,
,,,-0.1082,-0.88,-0.476,0.0136,,,,,
,,,-0.108,-0.88,-0.42,0.012,,,,,
,,,-0.1078,-0.88,-0.42,0.012,,,,,
,,,-0.1076,-0.8,-0.392,0.0112,,,,,
,,,-0.1074,-0.8,-0.392,0.0112,,,,,
,,,-0.1072,-0.72,-0.42,0.012,,,,,
,,,-0.107,-0.72,-0.392,0.0112,,,,,
,,,-0.1068,-0.72,-0.364,0.0104,,,,,
,,,-0.1066,-0.64,-0.392,0.0112,,,,,
,,,-0.1064,-0.64,-0.42,0.012,,,,,
,,,-0.1062,-0.64,-0.364,0.0104,,,,,
,,,-0.106,-0.64,-0.392,0.0112,,,,,
,,,-0.1058,-0.56,-0.392,0.0112,,,,,
,,,-0.1056,-0.56,-0.364,0.0104,,,,,
,,,-0.1054,-0.56,-0.364,0.0104,,,,,
,,,-0.1052,-0.48,-0.336,0.0096,,,,,
,,,-0.105,-0.48,-0.308,0.0088,,,,,
,,,-0.1048,-0.48,-0.336,0.0096,,,,,
,,,-0.1046,-0.4,-0.308,0.0088,,,,,
,,,-0.1044,-0.32,-0.28,0.008,,,,,
,,,-0.1042,-0.32,-0.308,0.0088,,,,,
,,,-0.104,-0.32,-0.308,0.0088,,,,,
,,,-0.1038,-0.32,-0.28,0.008,,,,,
,,,-0.1036,-0.24,-0.308,0.0088,,,,,
,,,-0.1034,-0.24,-0.28,0.008,,,,,
,,,-0.1032,-0.16,-0.28,0.008,,,,,
,,,-0.103,-0.16,-0.252,0.0072,,,,,
,,,-0.1028,-0.16,-0.252,0.0072,,,,,
,,,-0.1026,-0.08,-0.224,0.0064,,,,,
,,,-0.1024,-0.08,-0.224,0.0064,,,,,
,,,-0.1022,-0.08,-0.224,0.0064,,,,,
,,,-0.102,0,-0.196,0.0056,,,,,
,,,-0.1018,0,-0.196,0.0056,,,,,
,,,-0.1016,0,-0.196,0.0056,,,,,
,,,-0.1014,0,-0.196,0.0056,,,,,
,,,-0.1012,-0.08,-0.196,0.0056,,,,,
,,,-0.101,0.08,-0.168,0.0048,,,,,
,,,-0.1008,0.16,-0.196,0.0056,,,,,
,,,-0.1006,0.16,-0.14,0.004,,,,,
,,,-0.1004,0.16,-0.14,0.004,,,,,
,,,-0.1002,0.24,-0.168,0.0048,,,,,
,,,-0.1,0.24,-0.14,0.004,,,,,
,,,-0.0998,0.24,-0.14,0.004,,,,,
,,,-0.0996,0.24,-0.14,0.004,,,,,
,,,-0.0994,0.24,-0.14,0.004,,,,,
,,,-0.0992,0.32,-0.112,0.0032,,,,,
,,,-0.099,0.4,-0.084,0.0024,,,,,
,,,-0.0988,0.32,-0.084,0.0024,,,,,
,,,-0.0986,0.4,-0.084,0.0024,,,,,
,,,-0.0984,0.4,-0.084,0.0024,,,,,
,,,-0.0982,0.48,-0.056,0.0016,,,,,
,,,-0.098,0.48,-0.056,0.0016,,,,,
,,,-0.0978,0.48,-0.056,0.0016,,,,,
,,,-0.0976,0.56,-0.056,0.0016,,,,,
,,,-0.0974,0.48,-0.056,0.0016,,,,,
,,,-0.0972,0.56,0,0,,,,,
,,,-0.097,0.64,0,0,,,,,
,,,-0.0968,0.56,0,0,,,,,
,,,-0.0966,0.72,0.028,-0.0008,,,,,
,,,-0.0964,0.72,0,0,,,,,
,,,-0.0962,0.72,0.028,-0.0008,,,,,
,,,-0.096,0.8,0.028,-0.0008,,,,,
,,,-0.0958,0.72,0.056,-0.0016,,,,,
,,,-0.0956,0.8,0.056,-0.0016,,,,,
,,,-0.0954,0.8,0.084,-0.0024,,,,,
,,,-0.0952,0.88,0.084,-0.0024,,,,,
,,,-0.095,0.88,0.028,-0.0008,,,,,
,,,-0.0948,0.88,0.084,-0.0024,,,,,
,,,-0.0946,0.8,0.084,-0.0024,,,,,
,,,-0.0944,0.96,0.084,-0.0024,,,,,
,,,-0.0942,0.96,0.084,-0.0024,,,,,
,,,-0.094,0.96,0.084,-0.0024,,,,,
,,,-0.0938,0.96,0.084,-0.0024,,,,,
,,,-0.0936,1.04,0.112,-0.0032,,,,,
,,,-0.0934,1.04,0.14,-0.004,,,,,
,,,-0.0932,1.12,0.14,-0.004,,,,,
,,,-0.093,1.12,0.112,-0.0032,,,,,
,,,-0.0928,1.12,0.14,-0.004,,,,,
,,,-0.0926,1.2,0.14,-0.004,,,,,
,,,-0.0924,1.2,0.14,-0.004,,,,,
,,,-0.0922,1.2,0.112,-0.0032,,,,,
,,,-0.092,1.2,0.168,-0.0048,,,,,
,,,-0.0918,1.28,0.168,-0.0048,,,,,
,,,-0.0916,1.28,0.168,-0.0048,,,,,
,,,-0.0914,1.28,0.168,-0.0048,,,,,
,,,-0.0912,1.36,0.168,-0.0048,,,,,
,,,-0.091,1.36,0.196,-0.0056,,,,,
,,,-0.0908,1.36,0.224,-0.0064,,,,,
,,,-0.0906,1.36,0.224,-0.0064,,,,,
,,,-0.0904,1.36,0.196,-0.0056,,,,,
,,,-0.0902,1.44,0.196,-0.0056,,,,,
,,,-0.09,1.44,0.224,-0.0064,,,,,
,,,-0.0898,1.52,0.224,-0.0064,,,,,
,,,-0.0896,1.36,0.224,-0.0064,,,,,
,,,-0.0894,1.44,0.252,-0.0072,,,,,
,,,-0.0892,1.52,0.224,-0.0064,,,,,
,,,-0.089,1.6,0.224,-0.0064,,,,,
,,,-0.0888,1.52,0.224,-0.0064,,,,,
,,,-0.0886,1.6,0.252,-0.0072,,,,,
,,,-0.0884,1.6,0.28,-0.008,,,,,
,,,-0.0882,1.6,0.252,-0.0072,,,,,
,,,-0.088,1.68,0.28,-0.008,,,,,
,,,-0.0878,1.68,0.28,-0.008,,,,,
,,,-0.0876,1.6,0.28,-0.008,,,,,
,,,-0.0874,1.68,0.28,-0.008,,,,,
,,,-0.0872,1.68,0.336,-0.0096,,,,,
,,,-0.087,1.68,0.336,-0.0096,,,,,
,,,-0.0868,1.76,0.308,-0.0088,,,,,
,,,-0.0866,1.76,0.308,-0.0088,,,,,
,,,-0.0864,1.76,0.308,-0.0088,,,,,
,,,-0.0862,1.76,0.336,-0.0096,,,,,
,,,-0.086,1.84,0.392,-0.0112,,,,,
,,,-0.0858,1.84,0.364,-0.0104,,,,,
,,,-0.0856,1.84,0.336,-0.0096,,,,,
,,,-0.0854,1.84,0.392,-0.0112,,,,,
,,,-0.0852,1.92,0.364,-0.0104,,,,,
,,,-0.085,1.92,0.42,-0.012,,,,,
,,,-0.0848,1.92,0.42,-0.012,,,,,
,,,-0.0846,1.92,0.364,-0.0104,,,,,
,,,-0.0844,1.92,0.392,-0.0112,,,,,
,,,-0.0842,1.92,0.42,-0.012,,,,,
,,,-0.084,1.92,0.392,-0.0112,,,,,
,,,-0.0838,2,0.448,-0.0128,,,,,
,,,-0.0836,1.92,0.448,-0.0128,,,,,
,,,-0.0834,1.92,0.448,-0.0128,,,,,
,,,-0.0832,2,0.42,-0.012,,,,,
,,,-0.083,2,0.448,-0.0128,,,,,
,,,-0.0828,2,0.42,-0.012,,,,,
,,,-0.0826,2,0.476,-0.0136,,,,,
,,,-0.0824,2,0.448,-0.0128,,,,,
,,,-0.0822,2,0.448,-0.0128,,,,,
,,,-0.082,2.08,0.448,-0.0128,,,,,
,,,-0.0818,2,0.476,-0.0136,,,,,
,,,-0.0816,2.08,0.476,-0.0136,,,,,
,,,-0.0814,2.08,0.476,-0.0136,,,,,
,,,-0.0812,2,0.504,-0.0144,,,,,
,,,-0.081,2.08,0.504,-0.0144,,,,,
,,,-0.0808,2.08,0.476,-0.0136,,,,,
,,,-0.0806,2.08,0.476,-0.0136,,,,,
,,,-0.0804,2.08,0.504,-0.0144,,,,,
,,,-0.0802,2.08,0.504,-0.0144,,,,,
,,,-0.08,2.08,0.504,-0.0144,,,,,
,,,-0.0798,2.08,0.504,-0.0144,,,,,
,,,-0.0796,2.08,0.504,-0.0144,,,,,
,,,-0.0794,2.08,0.532,-0.0152,,,,,
,,,-0.0792,2.16,0.56,-0.016,,,,,
,,,-0.079,2.08,0.532,-0.0152,,,,,
,,,-0.0788,2.16,0.532,-0.0152,,,,,
,,,-0.0786,2.08,0.532,-0.0152,,,,,
,,,-0.0784,2.08,0.532,-0.0152,,,,,
,,,-0.0782,2.24,0.56,-0.016,,,,,
,,,-0.078,2.16,0.588,-0.0168,,,,,
,,,-0.0778,2.16,0.56,-0.016,,,,,
,,,-0.0776,2.08,0.532,-0.0152,,,,,
,,,-0.0774,2.08,0.532,-0.0152,,,,,
,,,-0.0772,2.08,0.588,-0.0168,,,,,
,,,-0.077,2.08,0.56,-0.016,,,,,
,,,-0.0768,2.16,0.56,-0.016,,,,,
,,,-0.0766,2.16,0.56,-0.016,,,,,
,,,-0.0764,2.16,0.588,-0.0168,,,,,
,,,-0.0762,2.08,0.588,-0.0168,,,,,
,,,-0.076,2.08,0.56,-0.016,,,,,
,,,-0.0758,2.08,0.56,-0.016,,,,,
,,,-0.0756,2.16,0.588,-0.0168,,,,,
,,,-0.0754,2.16,0.616,-0.0176,,,,,
,,,-0.0752,2.08,0.588,-0.0168,,,,,
,,,-0.075,2.16,0.56,-0.016,,,,,
,,,-0.0748,2.08,0.588,-0.0168,,,,,
,,,-0.0746,2.08,0.616,-0.0176,,,,,
,,,-0.0744,2.08,0.588,-0.0168,,,,,
,,,-0.0742,2.08,0.616,-0.0176,,,,,
,,,-0.074,2.08,0.616,-0.0176,,,,,
,,,-0.0738,2.08,0.588,-0.0168,,,,,
,,,-0.0736,2.08,0.616,-0.0176,,,,,
,,,-0.0734,2.08,0.616,-0.0176,,,,,
,,,-0.0732,2.08,0.588,-0.0168,,,,,
,,,-0.073,2.08,0.616,-0.0176,,,,,
,,,-0.0728,2.08,0.588,-0.0168,,,,,
,,,-0.0726,2.08,0.644,-0.0184,,,,,
,,,-0.0724,2,0.588,-0.0168,,,,,
,,,-0.0722,2.08,0.616,-0.0176,,,,,
,,,-0.072,2.08,0.616,-0.0176,,,,,
,,,-0.0718,2,0.616,-0.0176,,,,,
,,,-0.0716,2.08,0.616,-0.0176,,,,,
,,,-0.0714,2,0.616,-0.0176,,,,,
,,,-0.0712,2,0.616,-0.0176,,,,,
,,,-0.071,2,0.616,-0.0176,,,,,
,,,-0.0708,2,0.616,-0.0176,,,,,
,,,-0.0706,2,0.616,-0.0176,,,,,
,,,-0.0704,2,0.588,-0.0168,,,,,
,,,-0.0702,2,0.644,-0.0184,,,,,
,,,-0.07,1.92,0.616,-0.0176,,,,,
,,,-0.0698,1.92,0.644,-0.0184,,,,,
,,,-0.0696,1.92,0.616,-0.0176,,,,,
,,,-0.0694,1.92,0.644,-0.0184,,,,,
,,,-0.0692,1.92,0.644,-0.0184,,,,,
,,,-0.069,1.92,0.644,-0.0184,,,,,
,,,-0.0688,1.92,0.616,-0.0176,,,,,
,,,-0.0686,1.84,0.616,-0.0176,,,,,
,,,-0.0684,1.84,0.616,-0.0176,,,,,
,,,-0.0682,1.84,0.616,-0.0176,,,,,
,,,-0.068,1.84,0.616,-0.0176,,,,,
,,,-0.0678,1.76,0.616,-0.0176,,,,,
,,,-0.0676,1.76,0.616,-0.0176,,,,,
,,,-0.0674,1.76,0.616,-0.0176,,,,,
,,,-0.0672,1.76,0.588,-0.0168,,,,,
,,,-0.067,1.76,0.616,-0.0176,,,,,
,,,-0.0668,1.76,0.616,-0.0176,,,,,
,,,-0.0666,1.76,0.588,-0.0168,,,,,
,,,-0.0664,1.68,0.616,-0.0176,,,,,
,,,-0.0662,1.68,0.616,-0.0176,,,,,
,,,-0.066,1.68,0.616,-0.0176,,,,,
,,,-0.0658,1.68,0.644,-0.0184,,,,,
,,,-0.0656,1.6,0.616,-0.0176,,,,,
,,,-0.0654,1.6,0.616,-0.0176,,,,,
,,,-0.0652,1.6,0.588,-0.0168,,,,,
,,,-0.065,1.6,0.56,-0.016,,,,,
,,,-0.0648,1.6,0.588,-0.0168,,,,,
,,,-0.0646,1.52,0.616,-0.0176,,,,,
,,,-0.0644,1.52,0.588,-0.0168,,,,,
,,,-0.0642,1.52,0.588,-0.0168,,,,,
,,,-0.064,1.44,0.56,-0.016,,,,,
,,,-0.0638,1.44,0.588,-0.0168,,,,,
,,,-0.0636,1.52,0.588,-0.0168,,,,,
,,,-0.0634,1.52,0.588,-0.0168,,,,,
,,,-0.0632,1.44,0.588,-0.0168,,,,,
,,,-0.063,1.44,0.56,-0.016,,,,,
,,,-0.0628,1.44,0.56,-0.016,,,,,
,,,-0.0626,1.36,0.532,-0.0152,,,,,
,,,-0.0624,1.28,0.532,-0.0152,,,,,
,,,-0.0622,1.28,0.588,-0.0168,,,,,
,,,-0.062,1.28,0.56,-0.016,,,,,
,,,-0.0618,1.28,0.56,-0.016,,,,,
,,,-0.0616,1.12,0.56,-0.016,,,,,
,,,-0.0614,1.28,0.56,-0.016,,,,,
,,,-0.0612,1.2,0.532,-0.0152,,,,,
,,,-0.061,1.2,0.504,-0.0144,,,,,
,,,-0.0608,1.2,0.532,-0.0152,,,,,
,,,-0.0606,1.12,0.532,-0.0152,,,,,
,,,-0.0604,1.12,0.504,-0.0144,,,,,
,,,-0.0602,1.12,0.532,-0.0152,,,,,
,,,-0.06,1.12,0.504,-0.0144,,,,,
,,,-0.0598,1.04,0.504,-0.0144,,,,,
,,,-0.0596,1.04,0.504,-0.0144,,,,,
,,,-0.0594,1.04,0.504,-0.0144,,,,,
,,,-0.0592,1.04,0.504,-0.0144,,,,,
,,,-0.059,0.96,0.532,-0.0152,,,,,
,,,-0.0588,0.96,0.476,-0.0136,,,,,
,,,-0.0586,0.96,0.476,-0.0136,,,,,
,,,-0.0584,0.96,0.476,-0.0136,,,,,
,,,-0.0582,0.88,0.476,-0.0136,,,,,
,,,-0.058,0.88,0.448,-0.0128,,,,,
,,,-0.0578,0.8,0.448,-0.0128,,,,,
,,,-0.0576,0.8,0.42,-0.012,,,,,
,,,-0.0574,0.8,0.476,-0.0136,,,,,
,,,-0.0572,0.8,0.448,-0.0128,,,,,
,,,-0.057,0.8,0.42,-0.012,,,,,
,,,-0.0568,0.72,0.42,-0.012,,,,,
,,,-0.0566,0.72,0.448,-0.0128,,,,,
,,,-0.0564,0.64,0.42,-0.012,,,,,
,,,-0.0562,0.64,0.448,-0.0128,,,,,
,,,-0.056,0.64,0.392,-0.0112,,,,,
,,,-0.0558,0.64,0.364,-0.0104,,,,,
,,,-0.0556,0.56,0.392,-0.0112,,,,,
,,,-0.0554,0.56,0.364,-0.0104,,,,,
,,,-0.0552,0.56,0.364,-0.0104,,,,,
,,,-0.055,0.48,0.336,-0.0096,,,,,
,,,-0.0548,0.48,0.392,-0.0112,,,,,
,,,-0.0546,0.48,0.336,-0.0096,,,,,
,,,-0.0544,0.48,0.364,-0.0104,,,,,
,,,-0.0542,0.4,0.308,-0.0088,,,,,
,,,-0.054,0.48,0.28,-0.008,,,,,
,,,-0.0538,0.32,0.308,-0.0088,,,,,
,,,-0.0536,0.32,0.336,-0.0096,,,,,
,,,-0.0534,0.24,0.336,-0.0096,,,,,
,,,-0.0532,0.24,0.28,-0.008,,,,,
,,,-0.053,0.24,0.308,-0.0088,,,,,
,,,-0.0528,0.24,0.28,-0.008,,,,,
,,,-0.0526,0.24,0.28,-0.008,,,,,
,,,-0.0524,0.24,0.28,-0.008,,,,,
,,,-0.0522,0.16,0.252,-0.0072,,,,,
,,,-0.052,0.16,0.28,-0.008,,,,,
,,,-0.0518,0.16,0.224,-0.0064,,,,,
,,,-0.0516,0.08,0.224,-0.0064,,,,,
,,,-0.0514,0.08,0.224,-0.0064,,,,,
,,,-0.0512,0.08,0.224,-0.0064,,,,,
,,,-0.051,0,0.196,-0.0056,,,,,
,,,-0.0508,0,0.224,-0.0064,,,,,
,,,-0.0506,0,0.196,-0.0056,,,,,
,,,-0.0504,0,0.196,-0.0056,,,,,
,,,-0.0502,-0.08,0.168,-0.0048,,,,,
,,,-0.05,-0.08,0.14,-0.004,,,,,
,,,-0.0498,-0.08,0.168,-0.0048,,,,,
,,,-0.0496,-0.16,0.14,-0.004,,,,,
,,,-0.0494,-0.16,0.112,-0.0032,,,,,
,,,-0.0492,-0.16,0.112,-0.0032,,,,,
,,,-0.049,-0.24,0.112,-0.0032,,,,,
,,,-0.0488,-0.24,0.112,-0.0032,,,,,
,,,-0.0486,-0.24,0.084,-0.0024,,,,,
,,,-0.0484,-0.24,0.084,-0.0024,,,,,
,,,-0.0482,-0.32,0.056,-0.0016,,,,,
,,,-0.048,-0.32,0.056,-0.0016,,,,,
,,,-0.0478,-0.4,0.056,-0.0016,,,,,
,,,-0.0476,-0.4,0.084,-0.0024,,,,,
,,,-0.0474,-0.4,0.028,-0.0008,,,,,
,,,-0.0472,-0.48,0.028,-0.0008,,,,,
,,,-0.047,-0.48,0,0,,,,,
,,,-0.0468,-0.48,0.028,-0.0008,,,,,
,,,-0.0466,-0.56,0.028,-0.0008,,,,,
,,,-0.0464,-0.56,-0.028,0.0008,,,,,
,,,-0.0462,-0.56,-0.028,0.0008,,,,,
,,,-0.046,-0.56,0,0,,,,,
,,,-0.0458,-0.64,-0.056,0.0016,,,,,
,,,-0.0456,-0.64,-0.056,0.0016,,,,,
,,,-0.0454,-0.64,-0.084,0.0024,,,,,
,,,-0.0452,-0.72,-0.056,0.0016,,,,,
,,,-0.045,-0.72,-0.084,0.0024,,,,,
,,,-0.0448,-0.72,-0.084,0.0024,,,,,
,,,-0.0446,-0.8,-0.084,0.0024,,,,,
,,,-0.0444,-0.72,-0.084,0.0024,,,,,
,,,-0.0442,-0.8,-0.084,0.0024,,,,,
,,,-0.044,-0.8,-0.112,0.0032,,,,,
,,,-0.0438,-0.88,-0.112,0.0032,,,,,
,,,-0.0436,-0.88,-0.112,0.0032,,,,,
,,,-0.0434,-0.88,-0.14,0.004,,,,,
,,,-0.0432,-0.96,-0.14,0.004,,,,,
,,,-0.043,-0.88,-0.14,0.004,,,,,
,,,-0.0428,-0.96,-0.168,0.0048,,,,,
,,,-0.0426,-0.96,-0.14,0.004,,,,,
,,,-0.0424,-0.96,-0.196,0.0056,,,,,
,,,-0.0422,-1.04,-0.196,0.0056,,,,,
,,,-0.042,-1.04,-0.196,0.0056,,,,,
,,,-0.0418,-1.2,-0.224,0.0064,,,,,
,,,-0.0416,-1.12,-0.196,0.0056,,,,,
,,,-0.0414,-1.12,-0.196,0.0056,,,,,
,,,-0.0412,-1.12,-0.224,0.0064,,,,,
,,,-0.041,-1.2,-0.196,0.0056,,,,,
,,,-0.0408,-1.2,-0.252,0.0072,,,,,
,,,-0.0406,-1.28,-0.224,0.0064,,,,,
,,,-0.0404,-1.2,-0.28,0.008,,,,,
,,,-0.0402,-1.28,-0.252,0.0072,,,,,
,,,-0.04,-1.28,-0.252,0.0072,,,,,
,,,-0.0398,-1.28,-0.28,0.008,,,,,
,,,-0.0396,-1.28,-0.28,0.008,,,,,
,,,-0.0394,-1.36,-0.28,0.008,,,,,
,,,-0.0392,-1.36,-0.28,0.008,,,,,
,,,-0.039,-1.36,-0.28,0.008,,,,,
,,,-0.0388,-1.36,-0.308,0.0088,,,,,
,,,-0.0386,-1.6,-0.336,0.0096,,,,,
,,,-0.0384,-1.44,-0.364,0.0104,,,,,
,,,-0.0382,-1.44,-0.308,0.0088,,,,,
,,,-0.038,-1.52,-0.336,0.0096,,,,,
,,,-0.0378,-1.44,-0.364,0.0104,,,,,
,,,-0.0376,-1.52,-0.364,0.0104,,,,,
,,,-0.0374,-1.44,-0.364,0.0104,,,,,
,,,-0.0372,-1.52,-0.336,0.0096,,,,,
,,,-0.037,-1.52,-0.364,0.0104,,,,,
,,,-0.0368,-1.6,-0.364,0.0104,,,,,
,,,-0.0366,-1.52,-0.392,0.0112,,,,,
,,,-0.0364,-1.6,-0.392,0.0112,,,,,
,,,-0.0362,-1.6,-0.42,0.012,,,,,
,,,-0.036,-1.68,-0.42,0.012,,,,,
,,,-0.0358,-1.6,-0.448,0.0128,,,,,
,,,-0.0356,-1.6,-0.42,0.012,,,,,
,,,-0.0354,-1.68,-0.448,0.0128,,,,,
,,,-0.0352,-1.68,-0.42,0.012,,,,,
,,,-0.035,-1.68,-0.476,0.0136,,,,,
,,,-0.0348,-1.76,-0.476,0.0136,,,,,
,,,-0.0346,-1.68,-0.476,0.0136,,,,,
,,,-0.0344,-1.76,-0.476,0.0136,,,,,
,,,-0.0342,-1.76,-0.476,0.0136,,,,,
,,,-0.034,-1.76,-0.504,0.0144,,,,,
,,,-0.0338,-1.76,-0.504,0.0144,,,,,
,,,-0.0336,-1.84,-0.504,0.0144,,,,,
,,,-0.0334,-1.76,-0.532,0.0152,,,,,
,,,-0.0332,-1.84,-0.476,0.0136,,,,,
,,,-0.033,-1.84,-0.532,0.0152,,,,,
,,,-0.0328,-1.84,-0.532,0.0152,,,,,
,,,-0.0326,-1.84,-0.532,0.0152,,,,,
,,,-0.0324,-1.92,-0.532,0.0152,,,,,
,,,-0.0322,-1.92,-0.532,0.0152,,,,,
,,,-0.032,-1.84,-0.56,0.016,,,,,
,,,-0.0318,-1.92,-0.532,0.0152,,,,,
,,,-0.0316,-1.92,-0.532,0.0152,,,,,
,,,-0.0314,-1.92,-0.56,0.016,,,,,
,,,-0.0312,-2,-0.56,0.016,,,,,
,,,-0.031,-1.92,-0.56,0.016,,,,,
,,,-0.0308,-1.92,-0.56,0.016,,,,,
,,,-0.0306,-1.92,-0.56,0.016,,,,,
,,,-0.0304,-2,-0.56,0.016,,,,,
,,,-0.0302,-2,-0.588,0.0168,,,,,
,,,-0.03,-2,-0.616,0.0176,,,,,
,,,-0.0298,-2,-0.616,0.0176,,,,,
,,,-0.0296,-2,-0.616,0.0176,,,,,
,,,-0.0294,-2.08,-0.616,0.0176,,,,,
,,,-0.0292,-2,-0.616,0.0176,,,,,
,,,-0.029,-2,-0.616,0.0176,,,,,
,,,-0.0288,-2,-0.616,0.0176,,,,,
,,,-0.0286,-2,-0.616,0.0176,,,,,
,,,-0.0284,-2.08,-0.616,0.0176,,,,,
,,,-0.0282,-2,-0.616,0.0176,,,,,
,,,-0.028,-2,-0.616,0.0176,,,,,
,,,-0.0278,-2.24,-0.644,0.0184,,,,,
,,,-0.0276,-2.08,-0.644,0.0184,,,,,
,,,-0.0274,-2.08,-0.588,0.0168,,,,,
,,,-0.0272,-2.08,-0.616,0.0176,,,,,
,,,-0.027,-2.08,-0.616,0.0176,,,,,
,,,-0.0268,-2.08,-0.644,0.0184,,,,,
,,,-0.0266,-2.08,-0.644,0.0184,,,,,
,,,-0.0264,-2.08,-0.644,0.0184,,,,,
,,,-0.0262,-2.08,-0.644,0.0184,,,,,
,,,-0.026,-2.08,-0.644,0.0184,,,,,
,,,-0.0258,-2.08,-0.616,0.0176,,,,,
,,,-0.0256,-2.08,-0.616,0.0176,,,,,
,,,-0.0254,-2.08,-0.672,0.0192,,,,,
,,,-0.0252,-2.08,-0.644,0.0184,,,,,
,,,-0.025,-2.16,-0.672,0.0192,,,,,
,,,-0.0248,-2.08,-0.644,0.0184,,,,,
,,,-0.0246,-2.08,-0.672,0.0192,,,,,
,,,-0.0244,-2.08,-0.616,0.0176,,,,,
,,,-0.0242,-2.08,-0.644,0.0184,,,,,
,,,-0.024,-2.08,-0.644,0.0184,,,,,
,,,-0.0238,-2.08,-0.672,0.0192,,,,,
,,,-0.0236,-2.08,-0.672,0.0192,,,,,
,,,-0.0234,-2.08,-0.644,0.0184,,,,,
,,,-0.0232,-2.08,-0.672,0.0192,,,,,
,,,-0.023,-2.08,-0.644,0.0184,,,,,
,,,-0.0228,-2,-0.644,0.0184,,,,,
,,,-0.0226,-2.08,-0.672,0.0192,,,,,
,,,-0.0224,-2.08,-0.672,0.0192,,,,,
,,,-0.0222,-2.08,-0.644,0.0184,,,,,
,,,-0.022,-2.08,-0.672,0.0192,,,,,
,,,-0.0218,-2.08,-0.672,0.0192,,,,,
,,,-0.0216,-2,-0.644,0.0184,,,,,
,,,-0.0214,-2,-0.644,0.0184,,,,,
,,,-0.0212,-2,-0.672,0.0192,,,,,
,,,-0.021,-2.08,-0.672,0.0192,,,,,
,,,-0.0208,-2,-0.672,0.0192,,,,,
,,,-0.0206,-2,-0.672,0.0192,,,,,
,,,-0.0204,-1.92,-0.672,0.0192,,,,,
,,,-0.0202,-1.92,-0.672,0.0192,,,,,
,,,-0.02,-1.92,-0.644,0.0184,,,,,
,,,-0.0198,-1.92,-0.672,0.0192,,,,,
,,,-0.0196,-1.92,-0.672,0.0192,,,,,
,,,-0.0194,-1.92,-0.644,0.0184,,,,,
,,,-0.0192,-1.92,-0.672,0.0192,,,,,
,,,-0.019,-1.92,-0.672,0.0192,,,,,
,,,-0.0188,-1.92,-0.672,0.0192,,,,,
,,,-0.0186,-1.92,-0.644,0.0184,,,,,
,,,-0.0184,-1.84,-0.644,0.0184,,,,,
,,,-0.0182,-1.84,-0.7,0.02,,,,,
,,,-0.018,-1.76,-0.644,0.0184,,,,,
,,,-0.0178,-1.84,-0.672,0.0192,,,,,
,,,-0.0176,-1.76,-0.644,0.0184,,,,,
,,,-0.0174,-1.84,-0.644,0.0184,,,,,
,,,-0.0172,-1.76,-0.672,0.0192,,,,,
,,,-0.017,-1.76,-0.644,0.0184,,,,,
,,,-0.0168,-1.76,-0.644,0.0184,,,,,
,,,-0.0166,-1.76,-0.672,0.0192,,,,,
,,,-0.0164,-1.76,-0.672,0.0192,,,,,
,,,-0.0162,-1.68,-0.672,0.0192,,,,,
,,,-0.016,-1.68,-0.644,0.0184,,,,,
,,,-0.0158,-1.68,-0.644,0.0184,,,,,
,,,-0.0156,-1.6,-0.644,0.0184,,,,,
,,,-0.0154,-1.68,-0.644,0.0184,,,,,
,,,-0.0152,-1.6,-0.616,0.0176,,,,,
,,,-0.015,-1.6,-0.616,0.0176,,,,,
,,,-0.0148,-1.6,-0.616,0.0176,,,,,
,,,-0.0146,-1.6,-0.588,0.0168,,,,,
,,,-0.0144,-1.6,-0.644,0.0184,,,,,
,,,-0.0142,-1.6,-0.588,0.0168,,,,,
,,,-0.014,-1.52,-0.588,0.0168,,,,,
,,,-0.0138,-1.52,-0.616,0.0176,,,,,
,,,-0.0136,-1.52,-0.588,0.0168,,,,,
,,,-0.0134,-1.52,-0.56,0.016,,,,,
,,,-0.0132,-1.44,-0.588,0.0168,,,,,
,,,-0.013,-1.44,-0.56,0.016,,,,,
,,,-0.0128,-1.44,-0.588,0.0168,,,,,
,,,-0.0126,-1.36,-0.588,0.0168,,,,,
,,,-0.0124,-1.36,-0.56,0.016,,,,,
,,,-0.0122,-1.2,-0.532,0.0152,,,,,
,,,-0.012,-1.36,-0.532,0.0152,,,,,
,,,-0.0118,-1.36,-0.532,0.0152,,,,,
,,,-0.0116,-1.44,-0.56,0.016,,,,,
,,,-0.0114,-1.28,-0.56,0.016,,,,,
,,,-0.0112,-1.28,-0.504,0.0144,,,,,
,,,-0.011,-1.28,-0.504,0.0144,,,,,
,,,-0.0108,-1.2,-0.504,0.0144,,,,,
,,,-0.0106,-1.2,-0.476,0.0136,,,,,
,,,-0.0104,-1.12,-0.504,0.0144,,,,,
,,,-0.0102,-1.2,-0.448,0.0128,,,,,
,,,-0.01,-1.12,-0.504,0.0144,,,,,
,,,-0.0098,-1.12,-0.504,0.0144,,,,,
,,,-0.0096,-1.04,-0.504,0.0144,,,,,
,,,-0.0094,-1.12,-0.448,0.0128,,,,,
,,,-0.0092,-1.04,-0.448,0.0128,,,,,
,,,-0.009,-0.96,-0.476,0.0136,,,,,
,,,-0.0088,-0.96,-0.504,0.0144,,,,,
,,,-0.0086,-0.88,-0.42,0.012,,,,,
,,,-0.0084,-0.96,-0.476,0.0136,,,,,
,,,-0.0082,-0.88,-0.448,0.0128,,,,,
,,,-0.008,-0.88,-0.42,0.012,,,,,
,,,-0.0078,-0.8,-0.392,0.0112,,,,,
,,,-0.0076,-0.8,-0.42,0.012,,,,,
,,,-0.0074,-0.8,-0.42,0.012,,,,,
,,,-0.0072,-0.8,-0.364,0.0104,,,,,
,,,-0.007,-0.8,-0.42,0.012,,,,,
,,,-0.0068,-0.72,-0.392,0.0112,,,,,
,,,-0.0066,-0.72,-0.392,0.0112,,,,,
,,,-0.0064,-0.64,-0.392,0.0112,,,,,
,,,-0.0062,-0.64,-0.392,0.0112,,,,,
,,,-0.006,-0.56,-0.42,0.012,,,,,
,,,-0.0058,-0.56,-0.336,0.0096,,,,,
,,,-0.0056,-0.56,-0.364,0.0104,,,,,
,,,-0.0054,-0.48,-0.336,0.0096,,,,,
,,,-0.0052,-0.56,-0.336,0.0096,,,,,
,,,-0.005,-0.48,-0.308,0.0088,,,,,
,,,-0.0048,-0.48,-0.336,0.0096,,,,,
,,,-0.0046,-0.48,-0.336,0.0096,,,,,
,,,-0.0044,-0.4,-0.28,0.008,,,,,
,,,-0.0042,-0.32,-0.308,0.0088,,,,,
,,,-0.004,-0.32,-0.308,0.0088,,,,,
,,,-0.0038,-0.32,-0.308,0.0088,,,,,
,,,-0.0036,-0.24,-0.28,0.008,,,,,
,,,-0.0034,-0.24,-0.28,0.008,,,,,
,,,-0.0032,-0.24,-0.252,0.0072,,,,,
,,,-0.003,-0.16,-0.28,0.008,,,,,
,,,-0.0028,-0.16,-0.28,0.008,,,,,
,,,-0.0026,-0.16,-0.252,0.0072,,,,,
,,,-0.0024,-0.16,-0.224,0.0064,,,,,
,,,-0.0022,-0.08,-0.252,0.0072,,,,,
,,,-0.002,-0.08,-0.224,0.0064,,,,,
,,,-0.0018,0,-0.196,0.0056,,,,,
,,,-0.0016,0.08,-0.196,0.0056,,,,,
,,,-0.0014,0,-0.196,0.0056,,,,,
,,,-0.0012,0.08,-0.224,0.0064,,,,,
,,,-0.001,0.08,-0.196,0.0056,,,,,
,,,-0.0008,0.16,-0.168,0.0048,,,,,
,,,-0.0006,0.16,-0.168,0.0048,,,,,
,,,-0.0004,0.16,-0.168,0.0048,,,,,
,,,-0.0002,0.16,-0.14,0.004,,,,,
,,,0,0.16,-0.112,0.0032,,,,,
,,,0.0002,0.24,-0.168,0.0048,,,,,
,,,0.0004,0.24,-0.112,0.0032,,,,,
,,,0.0006,0.32,-0.112,0.0032,,,,,
,,,0.0008,0.24,-0.14,0.004,,,,,
,,,0.001,0.32,-0.14,0.004,,,,,
,,,0.0012,0.32,-0.084,0.0024,,,,,
,,,0.0014,0.32,-0.084,0.0024,,,,,
,,,0.0016,0.4,-0.084,0.0024,,,,,
,,,0.0018,0.48,-0.084,0.0024,,,,,
,,,0.002,0.4,-0.028,0.0008,,,,,
,,,0.0022,0.48,-0.084,0.0024,,,,,
,,,0.0024,0.48,-0.056,0.0016,,,,,
,,,0.0026,0.48,-0.056,0.0016,,,,,
,,,0.0028,0.56,-0.056,0.0016,,,,,
,,,0.003,0.56,0,0,,,,,
,,,0.0032,0.64,0.028,-0.0008,,,,,
,,,0.0034,0.64,0.028,-0.0008,,,,,
,,,0.0036,0.64,0,0,,,,,
,,,0.0038,0.72,0.028,-0.0008,,,,,
,,,0.004,0.72,0,0,,,,,
,,,0.0042,0.8,0.028,-0.0008,,,,,
,,,0.0044,0.8,0.028,-0.0008,,,,,
,,,0.0046,0.8,0.028,-0.0008,,,,,
,,,0.0048,0.8,0.056,-0.0016,,,,,
,,,0.005,0.88,0.084,-0.0024,,,,,
,,,0.0052,0.88,0.056,-0.0016,,,,,
,,,0.0054,0.88,0.056,-0.0016,,,,,
,,,0.0056,0.96,0.112,-0.0032,,,,,
,,,0.0058,0.96,0.084,-0.0024,,,,,
,,,0.006,0.96,0.112,-0.0032,,,,,
,,,0.0062,0.96,0.112,-0.0032,,,,,
,,,0.0064,0.96,0.084,-0.0024,,,,,
,,,0.0066,1.04,0.112,-0.0032,,,,,
,,,0.0068,1.04,0.112,-0.0032,,,,,
,,,0.007,1.04,0.112,-0.0032,,,,,
,,,0.0072,1.12,0.112,-0.0032,,,,,
,,,0.0074,1.04,0.14,-0.004,,,,,
,,,0.0076,1.2,0.14,-0.004,,,,,
,,,0.0078,1.2,0.14,-0.004,,,,,
,,,0.008,1.2,0.168,-0.0048,,,,,
,,,0.0082,1.28,0.196,-0.0056,,,,,
,,,0.0084,1.28,0.168,-0.0048,,,,,
,,,0.0086,1.28,0.196,-0.0056,,,,,
,,,0.0088,1.28,0.168,-0.0048,,,,,
,,,0.009,1.28,0.168,-0.0048,,,,,
,,,0.0092,1.36,0.196,-0.0056,,,,,
,,,0.0094,1.28,0.196,-0.0056,,,,,
,,,0.0096,1.36,0.196,-0.0056,,,,,
,,,0.0098,1.44,0.224,-0.0064,,,,,
,,,0.01,1.44,0.224,-0.0064,,,,,
,,,0.0102,1.44,0.224,-0.0064,,,,,
,,,0.0104,1.44,0.196,-0.0056,,,,,
,,,0.0106,1.52,0.224,-0.0064,,,,,
,,,0.0108,1.52,0.224,-0.0064,,,,,
,,,0.011,1.52,0.252,-0.0072,,,,,
,,,0.0112,1.52,0.252,-0.0072,,,,,
,,,0.0114,1.52,0.252,-0.0072,,,,,
,,,0.0116,1.6,0.252,-0.0072,,,,,
,,,0.0118,1.52,0.28,-0.008,,,,,
,,,0.012,1.6,0.28,-0.008,,,,,
,,,0.0122,1.6,0.252,-0.0072,,,,,
,,,0.0124,1.68,0.28,-0.008,,,,,
,,,0.0126,1.6,0.308,-0.0088,,,,,
,,,0.0128,1.76,0.308,-0.0088,,,,,
,,,0.013,1.68,0.308,-0.0088,,,,,
,,,0.0132,1.76,0.336,-0.0096,,,,,
,,,0.0134,1.76,0.308,-0.0088,,,,,
,,,0.0136,1.76,0.336,-0.0096,,,,,
,,,0.0138,1.76,0.364,-0.0104,,,,,
,,,0.014,1.76,0.336,-0.0096,,,,,
,,,0.0142,1.84,0.336,-0.0096,,,,,
,,,0.0144,1.84,0.364,-0.0104,,,,,
,,,0.0146,1.84,0.364,-0.0104,,,,,
,,,0.0148,1.84,0.364,-0.0104,,,,,
,,,0.015,1.84,0.392,-0.0112,,,,,
,,,0.0152,1.92,0.364,-0.0104,,,,,
,,,0.0154,1.84,0.392,-0.0112,,,,,
,,,0.0156,1.92,0.392,-0.0112,,,,,
,,,0.0158,1.84,0.42,-0.012,,,,,
,,,0.016,1.92,0.42,-0.012,,,,,
,,,0.0162,1.92,0.42,-0.012,,,,,
,,,0.0164,1.92,0.42,-0.012,,,,,
,,,0.0166,2,0.392,-0.0112,,,,,
,,,0.0168,1.92,0.42,-0.012,,,,,
,,,0.017,1.92,0.448,-0.0128,,,,,
,,,0.0172,2,0.42,-0.012,,,,,
,,,0.0174,2,0.448,-0.0128,,,,,
,,,0.0176,2,0.448,-0.0128,,,,,
,,,0.0178,2,0.476,-0.0136,,,,,
,,,0.018,2.08,0.448,-0.0128,,,,,
,,,0.0182,2,0.476,-0.0136,,,,,
,,,0.0184,2,0.476,-0.0136,,,,,
,,,0.0186,2,0.448,-0.0128,,,,,
,,,0.0188,2.08,0.504,-0.0144,,,,,
,,,0.019,2.08,0.504,-0.0144,,,,,
,,,0.0192,2.08,0.504,-0.0144,,,,,
,,,0.0194,2.08,0.476,-0.0136,,,,,
,,,0.0196,1.92,0.504,-0.0144,,,,,
,,,0.0198,2.08,0.504,-0.0144,,,,,
,,,0.02,2.08,0.504,-0.0144,,,,,
,,,0.0202,2.08,0.504,-0.0144,,,,,
,,,0.0204,2.08,0.504,-0.0144,,,,,
,,,0.0206,2.08,0.476,-0.0136,,,,,
,,,0.0208,2.08,0.532,-0.0152,,,,,
,,,0.021,2.08,0.504,-0.0144,,,,,
,,,0.0212,2.16,0.532,-0.0152,,,,,
,,,0.0214,2.16,0.532,-0.0152,,,,,
,,,0.0216,2.16,0.532,-0.0152,,,,,
,,,0.0218,2.08,0.504,-0.0144,,,,,
,,,0.022,2.08,0.532,-0.0152,,,,,
,,,0.0222,2.08,0.532,-0.0152,,,,,
,,,0.0224,2.08,0.56,-0.016,,,,,
,,,0.0226,2.16,0.56,-0.016,,,,,
,,,0.0228,2.16,0.56,-0.016,,,,,
,,,0.023,2.08,0.588,-0.0168,,,,,
,,,0.0232,2.08,0.588,-0.0168,,,,,
,,,0.0234,2.16,0.56,-0.016,,,,,
,,,0.0236,2.16,0.56,-0.016,,,,,
,,,0.0238,2.16,0.56,-0.016,,,,,
,,,0.024,2.16,0.588,-0.0168,,,,,
,,,0.0242,2.16,0.588,-0.0168,,,,,
,,,0.0244,2.08,0.588,-0.0168,,,,,
,,,0.0246,2.08,0.588,-0.0168,,,,,
,,,0.0248,2.16,0.588,-0.0168,,,,,
,,,0.025,2.16,0.588,-0.0168,,,,,
,,,0.0252,2.08,0.616,-0.0176,,,,,
,,,0.0254,2.08,0.56,-0.016,,,,,
,,,0.0256,2.08,0.588,-0.0168,,,,,
,,,0.0258,2.08,0.616,-0.0176,,,,,
,,,0.026,2.08,0.588,-0.0168,,,,,
,,,0.0262,2.16,0.616,-0.0176,,,,,
,,,0.0264,2.08,0.616,-0.0176,,,,,
,,,0.0266,2.16,0.616,-0.0176,,,,,
,,,0.0268,2.16,0.588,-0.0168,,,,,
,,,0.027,2.08,0.616,-0.0176,,,,,
,,,0.0272,2.08,0.616,-0.0176,,,,,
,,,0.0274,2.08,0.616,-0.0176,,,,,
,,,0.0276,2.08,0.644,-0.0184,,,,,
,,,0.0278,2.08,0.588,-0.0168,,,,,
,,,0.028,2,0.588,-0.0168,,,,,
,,,0.0282,2,0.588,-0.0168,,,,,
,,,0.0284,2.08,0.588,-0.0168,,,,,
,,,0.0286,2,0.616,-0.0176,,,,,
,,,0.0288,2.08,0.616,-0.0176,,,,,
,,,0.029,2,0.616,-0.0176,,,,,
,,,0.0292,2,0.616,-0.0176,,,,,
,,,0.0294,1.92,0.644,-0.0184,,,,,
,,,0.0296,1.92,0.588,-0.0168,,,,,
,,,0.0298,2.08,0.588,-0.0168,,,,,
,,,0.03,2,0.644,-0.0184,,,,,
,,,0.0302,2,0.616,-0.0176,,,,,
,,,0.0304,1.92,0.644,-0.0184,,,,,
,,,0.0306,1.92,0.616,-0.0176,,,,,
,,,0.0308,1.92,0.644,-0.0184,,,,,
,,,0.031,1.92,0.672,-0.0192,,,,,
,,,0.0312,1.84,0.616,-0.0176,,,,,
,,,0.0314,1.92,0.616,-0.0176,,,,,
,,,0.0316,1.84,0.616,-0.0176,,,,,
,,,0.0318,1.84,0.644,-0.0184,,,,,
,,,0.032,1.76,0.588,-0.0168,,,,,
,,,0.0322,1.84,0.644,-0.0184,,,,,
,,,0.0324,1.76,0.616,-0.0176,,,,,
,,,0.0326,1.84,0.588,-0.0168,,,,,
,,,0.0328,1.76,0.616,-0.0176,,,,,
,,,0.033,1.76,0.616,-0.0176,,,,,
,,,0.0332,1.76,0.616,-0.0176,,,,,
,,,0.0334,1.76,0.616,-0.0176,,,,,
,,,0.0336,1.68,0.588,-0.0168,,,,,
,,,0.0338,1.76,0.616,-0.0176,,,,,
,,,0.034,1.68,0.588,-0.0168,,,,,
,,,0.0342,1.68,0.644,-0.0184,,,,,
,,,0.0344,1.6,0.588,-0.0168,,,,,
,,,0.0346,1.68,0.616,-0.0176,,,,,
,,,0.0348,1.6,0.616,-0.0176,,,,,
,,,0.035,1.6,0.616,-0.0176,,,,,
,,,0.0352,1.52,0.616,-0.0176,,,,,
,,,0.0354,1.6,0.588,-0.0168,,,,,
,,,0.0356,1.52,0.588,-0.0168,,,,,
,,,0.0358,1.52,0.588,-0.0168,,,,,
,,,0.036,1.52,0.588,-0.0168,,,,,
,,,0.0362,1.52,0.588,-0.0168,,,,,
,,,0.0364,1.52,0.588,-0.0168,,,,,
,,,0.0366,1.44,0.616,-0.0176,,,,,
,,,0.0368,1.36,0.588,-0.0168,,,,,
,,,0.037,1.44,0.588,-0.0168,,,,,
,,,0.0372,1.36,0.588,-0.0168,,,,,
,,,0.0374,1.36,0.56,-0.016,,,,,
,,,0.0376,1.36,0.56,-0.016,,,,,
,,,0.0378,1.36,0.56,-0.016,,,,,
,,,0.038,1.28,0.56,-0.016,,,,,
,,,0.0382,1.28,0.532,-0.0152,,,,,
,,,0.0384,1.28,0.532,-0.0152,,,,,
,,,0.0386,1.28,0.532,-0.0152,,,,,
,,,0.0388,1.28,0.504,-0.0144,,,,,
,,,0.039,1.28,0.532,-0.0152,,,,,
,,,0.0392,1.2,0.56,-0.016,,,,,
,,,0.0394,1.2,0.532,-0.0152,,,,,
,,,0.0396,1.2,0.476,-0.0136,,,,,
,,,0.0398,1.12,0.504,-0.0144,,,,,
,,,0.04,1.12,0.504,-0.0144,,,,,
,,,0.0402,1.12,0.504,-0.0144,,,,,
,,,0.0404,1.04,0.504,-0.0144,,,,,
,,,0.0406,1.04,0.476,-0.0136,,,,,
,,,0.0408,1.04,0.476,-0.0136,,,,,
,,,0.041,1.04,0.504,-0.0144,,,,,
,,,0.0412,0.96,0.504,-0.0144,,,,,
,,,0.0414,0.96,0.476,-0.0136,,,,,
,,,0.0416,0.96,0.448,-0.0128,,,,,
,,,0.0418,0.88,0.476,-0.0136,,,,,
,,,0.042,0.96,0.448,-0.0128,,,,,
,,,0.0422,0.88,0.448,-0.0128,,,,,
,,,0.0424,0.88,0.448,-0.0128,,,,,
,,,0.0426,0.8,0.448,-0.0128,,,,,
,,,0.0428,0.8,0.448,-0.0128,,,,,
,,,0.043,0.8,0.42,-0.012,,,,,
,,,0.0432,0.8,0.448,-0.0128,,,,,
,,,0.0434,0.72,0.392,-0.0112,,,,,
,,,0.0436,0.72,0.42,-0.012,,,,,
,,,0.0438,0.72,0.392,-0.0112,,,,,
,,,0.044,0.64,0.42,-0.012,,,,,
,,,0.0442,0.64,0.364,-0.0104,,,,,
,,,0.0444,0.64,0.42,-0.012,,,,,
,,,0.0446,0.56,0.42,-0.012,,,,,
,,,0.0448,0.56,0.392,-0.0112,,,,,
,,,0.045,0.48,0.364,-0.0104,,,,,
,,,0.0452,0.48,0.336,-0.0096,,,,,
,,,0.0454,0.48,0.364,-0.0104,,,,,
,,,0.0456,0.4,0.364,-0.0104,,,,,
,,,0.0458,0.4,0.308,-0.0088,,,,,
,,,0.046,0.48,0.308,-0.0088,,,,,
,,,0.0462,0.32,0.28,-0.008,,,,,
,,,0.0464,0.32,0.308,-0.0088,,,,,
,,,0.0466,0.32,0.252,-0.0072,,,,,
,,,0.0468,0.32,0.308,-0.0088,,,,,
,,,0.047,0.24,0.28,-0.008,,,,,
,,,0.0472,0.24,0.28,-0.008,,,,,
,,,0.0474,0.24,0.28,-0.008,,,,,
,,,0.0476,0.24,0.252,-0.0072,,,,,
,,,0.0478,0.24,0.28,-0.008,,,,,
,,,0.048,0.24,0.28,-0.008,,,,,
,,,0.0482,0.16,0.224,-0.0064,,,,,
,,,0.0484,0.16,0.224,-0.0064,,,,,
,,,0.0486,0.08,0.224,-0.0064,,,,,
,,,0.0488,0.08,0.224,-0.0064,,,,,
,,,0.049,0.08,0.224,-0.0064,,,,,
,,,0.0492,0,0.224,-0.0064,,,,,
,,,0.0494,0,0.196,-0.0056,,,,,
,,,0.0496,-0.08,0.196,-0.0056,,,,,
,,,0.0498,-0.08,0.168,-0.0048,,,,,
,,,0.05,-0.08,0.168,-0.0048,,,,,
,,,0.0502,-0.08,0.168,-0.0048,,,,,
,,,0.0504,-0.16,0.168,-0.0048,,,,,
,,,0.0506,-0.16,0.112,-0.0032,,,,,
,,,0.0508,-0.16,0.084,-0.0024,,,,,
,,,0.051,-0.16,0.112,-0.0032,,,,,
,,,0.0512,-0.24,0.112,-0.0032,,,,,
,,,0.0514,-0.16,0.112,-0.0032,,,,,
,,,0.0516,-0.24,0.084,-0.0024,,,,,
,,,0.0518,-0.16,0.112,-0.0032,,,,,
,,,0.052,-0.32,0.056,-0.0016,,,,,
,,,0.0522,-0.32,0.028,-0.0008,,,,,
,,,0.0524,-0.4,0.028,-0.0008,,,,,
,,,0.0526,-0.4,0.056,-0.0016,,,,,
,,,0.0528,-0.4,0.028,-0.0008,,,,,
,,,0.053,-0.48,0.056,-0.0016,,,,,
,,,0.0532,-0.48,0,0,,,,,
,,,0.0534,-0.56,0,0,,,,,
,,,0.0536,-0.56,0,0,,,,,
,,,0.0538,-0.56,0,0,,,,,
,,,0.054,-0.56,-0.028,0.0008,,,,,
,,,0.0542,-0.56,-0.056,0.0016,,,,,
,,,0.0544,-0.56,-0.056,0.0016,,,,,
,,,0.0546,-0.72,-0.028,0.0008,,,,,
,,,0.0548,-0.64,-0.028,0.0008,,,,,
,,,0.055,-0.64,-0.056,0.0016,,,,,
,,,0.0552,-0.72,-0.112,0.0032,,,,,
,,,0.0554,-0.72,-0.112,0.0032,,,,,
,,,0.0556,-0.8,-0.112,0.0032,,,,,
,,,0.0558,-0.8,-0.112,0.0032,,,,,
,,,0.056,-0.72,-0.084,0.0024,,,,,
,,,0.0562,-0.8,-0.112,0.0032,,,,,
,,,0.0564,-0.88,-0.112,0.0032,,,,,
,,,0.0566,-0.88,-0.14,0.004,,,,,
,,,0.0568,-0.96,-0.14,0.004,,,,,
,,,0.057,-0.96,-0.168,0.0048,,,,,
,,,0.0572,-0.96,-0.14,0.004,,,,,
,,,0.0574,-0.96,-0.168,0.0048,,,,,
,,,0.0576,-1.2,-0.168,0.0048,,,,,
,,,0.0578,-0.96,-0.196,0.0056,,,,,
,,,0.058,-1.04,-0.196,0.0056,,,,,
,,,0.0582,-1.04,-0.196,0.0056,,,,,
,,,0.0584,-1.12,-0.196,0.0056,,,,,
,,,0.0586,-1.12,-0.196,0.0056,,,,,
,,,0.0588,-1.12,-0.224,0.0064,,,,,
,,,0.059,-1.2,-0.252,0.0072,,,,,
,,,0.0592,-1.2,-0.252,0.0072,,,,,
,,,0.0594,-1.2,-0.224,0.0064,,,,,
,,,0.0596,-1.28,-0.28,0.008,,,,,
,,,0.0598,-1.2,-0.28,0.008,,,,,
,,,0.06,-1.28,-0.252,0.0072,,,,,
,,,0.0602,-1.28,-0.28,0.008,,,,,
,,,0.0604,-1.36,-0.308,0.0088,,,,,
,,,0.0606,-1.36,-0.28,0.008,,,,,
,,,0.0608,-1.36,-0.28,0.008,,,,,
,,,0.061,-1.36,-0.336,0.0096,,,,,
,,,0.0612,-1.44,-0.28,0.008,,,,,
,,,0.0614,-1.36,-0.308,0.0088,,,,,
,,,0.0616,-1.36,-0.336,0.0096,,,,,
,,,0.0618,-1.44,-0.336,0.0096,,,,,
,,,0.062,-1.44,-0.364,0.0104,,,,,
,,,0.0622,-1.52,-0.336,0.0096,,,,,
,,,0.0624,-1.44,-0.336,0.0096,,,,,
,,,0.0626,-1.52,-0.364,0.0104,,,,,
,,,0.0628,-1.52,-0.336,0.0096,,,,,
,,,0.063,-1.6,-0.364,0.0104,,,,,
,,,0.0632,-1.6,-0.364,0.0104,,,,,
,,,0.0634,-1.6,-0.42,0.012,,,,,
,,,0.0636,-1.6,-0.42,0.012,,,,,
,,,0.0638,-1.6,-0.392,0.0112,,,,,
,,,0.064,-1.6,-0.42,0.012,,,,,
,,,0.0642,-1.6,-0.42,0.012,,,,,
,,,0.0644,-1.68,-0.448,0.0128,,,,,
,,,0.0646,-1.6,-0.392,0.0112,,,,,
,,,0.0648,-1.68,-0.42,0.012,,,,,
,,,0.065,-1.68,-0.42,0.012,,,,,
,,,0.0652,-1.76,-0.448,0.0128,,,,,
,,,0.0654,-1.76,-0.448,0.0128,,,,,
,,,0.0656,-1.76,-0.476,0.0136,,,,,
,,,0.0658,-1.76,-0.476,0.0136,,,,,
,,,0.066,-1.76,-0.476,0.0136,,,,,
,,,0.0662,-1.76,-0.448,0.0128,,,,,
,,,0.0664,-1.84,-0.504,0.0144,,,,,
,,,0.0666,-1.84,-0.504,0.0144,,,,,
,,,0.0668,-1.84,-0.476,0.0136,,,,,
,,,0.067,-1.84,-0.504,0.0144,,,,,
,,,0.0672,-1.84,-0.504,0.0144,,,,,
,,,0.0674,-1.92,-0.532,0.0152,,,,,
,,,0.0676,-1.92,-0.532,0.0152,,,,,
,,,0.0678,-1.84,-0.532,0.0152,,,,,
,,,0.068,-1.92,-0.56,0.016,,,,,
,,,0.0682,-1.84,-0.532,0.0152,,,,,
,,,0.0684,-1.92,-0.532,0.0152,,,,,
,,,0.0686,-1.92,-0.56,0.016,,,,,
,,,0.0688,-2,-0.56,0.016,,,,,
,,,0.069,-2,-0.588,0.0168,,,,,
,,,0.0692,-2,-0.56,0.016,,,,,
,,,0.0694,-2,-0.588,0.0168,,,,,
,,,0.0696,-2,-0.588,0.0168,,,,,
,,,0.0698,-2,-0.56,0.016,,,,,
,,,0.07,-2,-0.588,0.0168,,,,,
,,,0.0702,-2.08,-0.588,0.0168,,,,,
,,,0.0704,-2.08,-0.588,0.0168,,,,,
,,,0.0706,-2,-0.588,0.0168,,,,,
,,,0.0708,-2,-0.616,0.0176,,,,,
,,,0.071,-2,-0.616,0.0176,,,,,
,,,0.0712,-2.08,-0.588,0.0168,,,,,
,,,0.0714,-2.08,-0.644,0.0184,,,,,
,,,0.0716,-2.08,-0.616,0.0176,,,,,
,,,0.0718,-2.08,-0.616,0.0176,,,,,
,,,0.072,-2.08,-0.644,0.0184,,,,,
,,,0.0722,-2.08,-0.588,0.0168,,,,,
,,,0.0724,-2.08,-0.644,0.0184,,,,,
,,,0.0726,-2.08,-0.588,0.0168,,,,,
,,,0.0728,-2.08,-0.616,0.0176,,,,,
,,,0.073,-2.08,-0.644,0.0184,,,,,
,,,0.0732,-2.08,-0.616,0.0176,,,,,
,,,0.0734,-2,-0.616,0.0176,,,,,
,,,0.0736,-2.08,-0.644,0.0184,,,,,
,,,0.0738,-2.08,-0.616,0.0176,,,,,
,,,0.074,-2.08,-0.644,0.0184,,,,,
,,,0.0742,-2.08,-0.644,0.0184,,,,,
,,,0.0744,-2.08,-0.644,0.0184,,,,,
,,,0.0746,-2.08,-0.616,0.0176,,,,,
,,,0.0748,-2.16,-0.644,0.0184,,,,,
,,,0.075,-2.08,-0.644,0.0184,,,,,
,,,0.0752,-2.08,-0.672,0.0192,,,,,
,,,0.0754,-2.08,-0.644,0.0184,,,,,
,,,0.0756,-2.16,-0.644,0.0184,,,,,
,,,0.0758,-2.08,-0.644,0.0184,,,,,
,,,0.076,-2.08,-0.672,0.0192,,,,,
,,,0.0762,-2.08,-0.644,0.0184,,,,,
,,,0.0764,-2.08,-0.644,0.0184,,,,,
,,,0.0766,-2.08,-0.672,0.0192,,,,,
,,,0.0768,-2.08,-0.644,0.0184,,,,,
,,,0.077,-2.08,-0.644,0.0184,,,,,
,,,0.0772,-2.08,-0.672,0.0192,,,,,
,,,0.0774,-2.08,-0.672,0.0192,,,,,
,,,0.0776,-2.08,-0.672,0.0192,,,,,
,,,0.0778,-2.08,-0.672,0.0192,,,,,
,,,0.078,-2,-0.644,0.0184,,,,,
,,,0.0782,-2.08,-0.644,0.0184,,,,,
,,,0.0784,-2.08,-0.644,0.0184,,,,,
,,,0.0786,-2,-0.644,0.0184,,,,,
,,,0.0788,-2,-0.672,0.0192,,,,,
,,,0.079,-2,-0.672,0.0192,,,,,
,,,0.0792,-2,-0.644,0.0184,,,,,
,,,0.0794,-2,-0.672,0.0192,,,,,
,,,0.0796,-2,-0.644,0.0184,,,,,
,,,0.0798,-1.92,-0.672,0.0192,,,,,
,,,0.08,-2.08,-0.672,0.0192,,,,,
,,,0.0802,-1.92,-0.672,0.0192,,,,,
,,,0.0804,-1.92,-0.644,0.0184,,,,,
,,,0.0806,-1.92,-0.672,0.0192,,,,,
,,,0.0808,-1.92,-0.672,0.0192,,,,,
,,,0.081,-1.92,-0.644,0.0184,,,,,
,,,0.0812,-1.92,-0.644,0.0184,,,,,
,,,0.0814,-1.92,-0.672,0.0192,,,,,
,,,0.0816,-1.92,-0.672,0.0192,,,,,
,,,0.0818,-1.92,-0.672,0.0192,,,,,
,,,0.082,-1.84,-0.644,0.0184,,,,,
,,,0.0822,-1.84,-0.644,0.0184,,,,,
,,,0.0824,-1.76,-0.644,0.0184,,,,,
,,,0.0826,-1.76,-0.644,0.0184,,,,,
,,,0.0828,-1.76,-0.672,0.0192,,,,,
,,,0.083,-1.76,-0.644,0.0184,,,,,
,,,0.0832,-1.76,-0.7,0.02,,,,,
,,,0.0834,-1.76,-0.644,0.0184,,,,,
,,,0.0836,-1.76,-0.644,0.0184,,,,,
,,,0.0838,-1.68,-0.616,0.0176,,,,,
,,,0.084,-1.76,-0.616,0.0176,,,,,
,,,0.0842,-1.68,-0.616,0.0176,,,,,
,,,0.0844,-1.68,-0.616,0.0176,,,,,
,,,0.0846,-1.68,-0.644,0.0184,,,,,
,,,0.0848,-1.6,-0.616,0.0176,,,,,
,,,0.085,-1.6,-0.616,0.0176,,,,,
,,,0.0852,-1.68,-0.644,0.0184,,,,,
,,,0.0854,-1.6,-0.616,0.0176,,,,,
,,,0.0856,-1.6,-0.56,0.016,,,,,
,,,0.0858,-1.6,-0.616,0.0176,,,,,
,,,0.086,-1.52,-0.616,0.0176,,,,,
,,,0.0862,-1.52,-0.56,0.016,,,,,
,,,0.0864,-1.52,-0.588,0.0168,,,,,
,,,0.0866,-1.52,-0.616,0.0176,,,,,
,,,0.0868,-1.44,-0.56,0.016,,,,,
,,,0.087,-1.44,-0.588,0.0168,,,,,
,,,0.0872,-1.44,-0.588,0.0168,,,,,
,,,0.0874,-1.36,-0.588,0.0168,,,,,
,,,0.0876,-1.36,-0.56,0.016,,,,,
,,,0.0878,-1.36,-0.56,0.016,,,,,
,,,0.088,-1.36,-0.56,0.016,,,,,
,,,0.0882,-1.28,-0.56,0.016,,,,,
,,,0.0884,-1.28,-0.56,0.016,,,,,
,,,0.0886,-1.28,-0.56,0.016,,,,,
,,,0.0888,-1.28,-0.532,0.0152,,,,,
,,,0.089,-1.28,-0.504,0.0144,,,,,
,,,0.0892,-1.2,-0.532,0.0152,,,,,
,,,0.0894,-1.2,-0.504,0.0144,,,,,
,,,0.0896,-1.2,-0.532,0.0152,,,,,
,,,0.0898,-1.2,-0.504,0.0144,,,,,
,,,0.09,-1.12,-0.476,0.0136,,,,,
,,,0.0902,-1.04,-0.476,0.0136,,,,,
,,,0.0904,-1.12,-0.532,0.0152,,,,,
,,,0.0906,-1.04,-0.476,0.0136,,,,,
,,,0.0908,-1.04,-0.448,0.0128,,,,,
,,,0.091,-0.96,-0.476,0.0136,,,,,
,,,0.0912,-0.96,-0.42,0.012,,,,,
,,,0.0914,-0.96,-0.448,0.0128,,,,,
,,,0.0916,-0.96,-0.448,0.0128,,,,,
,,,0.0918,-0.88,-0.448,0.0128,,,,,
,,,0.092,-0.88,-0.42,0.012,,,,,
,,,0.0922,-0.88,-0.42,0.012,,,,,
,,,0.0924,-0.88,-0.42,0.012,,,,,
,,,0.0926,-0.8,-0.392,0.0112,,,,,
,,,0.0928,-0.72,-0.42,0.012,,,,,
,,,0.093,-0.72,-0.392,0.0112,,,,,
,,,0.0932,-0.72,-0.42,0.012,,,,,
,,,0.0934,-0.64,-0.392,0.0112,,,,,
,,,0.0936,-0.64,-0.392,0.0112,,,,,
,,,0.0938,-0.64,-0.42,0.012,,,,,
,,,0.094,-0.64,-0.364,0.0104,,,,,
,,,0.0942,-0.56,-0.364,0.0104,,,,,
,,,0.0944,-0.56,-0.336,0.0096,,,,,
,,,0.0946,-0.56,-0.308,0.0088,,,,,
,,,0.0948,-0.56,-0.336,0.0096,,,,,
,,,0.095,-0.48,-0.308,0.0088,,,,,
,,,0.0952,-0.48,-0.336,0.0096,,,,,
,,,0.0954,-0.48,-0.28,0.008,,,,,
,,,0.0956,-0.4,-0.308,0.0088,,,,,
,,,0.0958,-0.4,-0.308,0.0088,,,,,
,,,0.096,-0.32,-0.308,0.0088,,,,,
,,,0.0962,-0.4,-0.28,0.008,,,,,
,,,0.0964,-0.24,-0.28,0.008,,,,,
,,,0.0966,-0.24,-0.308,0.0088,,,,,
,,,0.0968,-0.32,-0.252,0.0072,,,,,
,,,0.097,-0.24,-0.252,0.0072,,,,,
,,,0.0972,-0.16,-0.252,0.0072,,,,,
,,,0.0974,-0.32,-0.224,0.0064,,,,,
,,,0.0976,-0.08,-0.252,0.0072,,,,,
,,,0.0978,-0.08,-0.252,0.0072,,,,,
,,,0.098,-0.08,-0.252,0.0072,,,,,
,,,0.0982,-0.08,-0.224,0.0064,,,,,
,,,0.0984,0,-0.224,0.0064,,,,,
,,,0.0986,0,-0.196,0.0056,,,,,
,,,0.0988,0.08,-0.196,0.0056,,,,,
,,,0.099,0.08,-0.196,0.0056,,,,,
,,,0.0992,0.08,-0.196,0.0056,,,,,
,,,0.0994,0.16,-0.168,0.0048,,,,,
,,,0.0996,0.16,-0.168,0.0048,,,,,
,,,0.0998,0.16,-0.112,0.0032,,,,,
,,,0.1,0.16,-0.168,0.0048,,,,,
,,,0.1002,0.24,-0.14,0.004,,,,,
,,,0.1004,0.16,-0.14,0.004,,,,,
,,,0.1006,0.24,-0.084,0.0024,,,,,
,,,0.1008,0.48,-0.112,0.0032,,,,,
,,,0.101,0.32,-0.112,0.0032,,,,,
,,,0.1012,0.32,-0.112,0.0032,,,,,
,,,0.1014,0.4,-0.112,0.0032,,,,,
,,,0.1016,0.4,-0.056,0.0016,,,,,
,,,0.1018,0.48,-0.056,0.0016,,,,,
,,,0.102,0.48,-0.084,0.0024,,,,,
,,,0.1022,0.48,-0.056,0.0016,,,,,
,,,0.1024,0.48,-0.056,0.0016,,,,,
,,,0.1026,0.64,-0.028,0.0008,,,,,
,,,0.1028,0.56,-0.056,0.0016,,,,,
,,,0.103,0.56,-0.028,0.0008,,,,,
,,,0.1032,0.64,0,0,,,,,
,,,0.1034,0.64,-0.028,0.0008,,,,,
,,,0.1036,0.64,0,0,,,,,
,,,0.1038,0.64,0,0,,,,,
,,,0.104,0.72,0.056,-0.0016,,,,,
,,,0.1042,0.72,0.028,-0.0008,,,,,
,,,0.1044,0.8,0.028,-0.0008,,,,,
,,,0.1046,0.8,0.028,-0.0008,,,,,
,,,0.1048,0.8,0.028,-0.0008,,,,,
,,,0.105,0.8,0.056,-0.0016,,,,,
,,,0.1052,0.8,0.028,-0.0008,,,,,
,,,0.1054,0.88,0.084,-0.0024,,,,,
,,,0.1056,0.88,0.084,-0.0024,,,,,
,,,0.1058,0.96,0.056,-0.0016,,,,,
,,,0.106,0.96,0.084,-0.0024,,,,,
,,,0.1062,1.04,0.112,-0.0032,,,,,
,,,0.1064,1.04,0.112,-0.0032,,,,,
,,,0.1066,1.04,0.112,-0.0032,,,,,
,,,0.1068,1.04,0.084,-0.0024,,,,,
,,,0.107,1.04,0.112,-0.0032,,,,,
,,,0.1072,1.04,0.112,-0.0032,,,,,
,,,0.1074,1.12,0.14,-0.004,,,,,
,,,0.1076,1.12,0.112,-0.0032,,,,,
,,,0.1078,1.2,0.168,-0.0048,,,,,
,,,0.108,1.28,0.112,-0.0032,,,,,
,,,0.1082,1.2,0.14,-0.004,,,,,
,,,0.1084,1.2,0.14,-0.004,,,,,
,,,0.1086,1.28,0.168,-0.0048,,,,,
,,,0.1088,1.28,0.168,-0.0048,,,,,
,,,0.109,1.28,0.196,-0.0056,,,,,
,,,0.1092,1.28,0.168,-0.0048,,,,,
,,,0.1094,1.36,0.224,-0.0064,,,,,
,,,0.1096,1.36,0.224,-0.0064,,,,,
,,,0.1098,1.36,0.196,-0.0056,,,,,
,,,0.11,1.36,0.196,-0.0056,,,,,
,,,0.1102,1.44,0.196,-0.0056,,,,,
,,,0.1104,1.44,0.224,-0.0064,,,,,
,,,0.1106,1.44,0.224,-0.0064,,,,,
,,,0.1108,1.52,0.252,-0.0072,,,,,
,,,0.111,1.52,0.308,-0.0088,,,,,
,,,0.1112,1.52,0.196,-0.0056,,,,,
,,,0.1114,1.52,0.252,-0.0072,,,,,
,,,0.1116,1.52,0.252,-0.0072,,,,,
,,,0.1118,1.52,0.252,-0.0072,,,,,
,,,0.112,1.6,0.224,-0.0064,,,,,
,,,0.1122,1.6,0.308,-0.0088,,,,,
,,,0.1124,1.6,0.308,-0.0088,,,,,
,,,0.1126,1.6,0.28,-0.008,,,,,
,,,0.1128,1.6,0.28,-0.008,,,,,
,,,0.113,1.68,0.308,-0.0088,,,,,
,,,0.1132,1.68,0.28,-0.008,,,,,
,,,0.1134,1.76,0.308,-0.0088,,,,,
,,,0.1136,1.76,0.364,-0.0104,,,,,
,,,0.1138,1.76,0.364,-0.0104,,,,,
,,,0.114,1.76,0.308,-0.0088,,,,,
,,,0.1142,1.76,0.364,-0.0104,,,,,
,,,0.1144,1.76,0.336,-0.0096,,,,,
,,,0.1146,1.76,0.392,-0.0112,,,,,
,,,0.1148,1.84,0.364,-0.0104,,,,,
,,,0.115,1.84,0.364,-0.0104,,,,,
,,,0.1152,1.84,0.392,-0.0112,,,,,
,,,0.1154,1.84,0.392,-0.0112,,,,,
,,,0.1156,1.92,0.392,-0.0112,,,,,
,,,0.1158,1.84,0.42,-0.012,,,,,
,,,0.116,1.92,0.392,-0.0112,,,,,
,,,0.1162,1.92,0.42,-0.012,,,,,
,,,0.1164,1.92,0.392,-0.0112,,,,,
,,,0.1166,1.92,0.392,-0.0112,,,,,
,,,0.1168,2,0.448,-0.0128,,,,,
,,,0.117,1.92,0.448,-0.0128,,,,,
,,,0.1172,2,0.448,-0.0128,,,,,
,,,0.1174,2,0.448,-0.0128,,,,,
,,,0.1176,2,0.42,-0.012,,,,,
,,,0.1178,2,0.476,-0.0136,,,,,
,,,0.118,2,0.448,-0.0128,,,,,
,,,0.1182,2,0.448,-0.0128,,,,,
,,,0.1184,2,0.476,-0.0136,,,,,
,,,0.1186,2,0.504,-0.0144,,,,,
,,,0.1188,2.08,0.476,-0.0136,,,,,
,,,0.119,2,0.476,-0.0136,,,,,
,,,0.1192,2.08,0.476,-0.0136,,,,,
,,,0.1194,2.08,0.476,-0.0136,,,,,
,,,0.1196,2.08,0.504,-0.0144,,,,,
,,,0.1198,2.08,0.504,-0.0144,,,,,
,,,0.12,2.08,0.476,-0.0136,,,,,
,,,0.1202,2.08,0.504,-0.0144,,,,,
,,,0.1204,2.08,0.476,-0.0136,,,,,
,,,0.1206,2.08,0.504,-0.0144,,,,,
,,,0.1208,2.08,0.532,-0.0152,,,,,
,,,0.121,2.08,0.532,-0.0152,,,,,
,,,0.1212,2.08,0.532,-0.0152,,,,,
,,,0.1214,2.08,0.56,-0.016,,,,,
,,,0.1216,2.16,0.504,-0.0144,,,,,
,,,0.1218,2.08,0.56,-0.016,,,,,
,,,0.122,2.08,0.532,-0.0152,,,,,
,,,0.1222,2.08,0.56,-0.016,,,,,
,,,0.1224,2.08,0.504,-0.0144,,,,,
,,,0.1226,2.08,0.588,-0.0168,,,,,
,,,0.1228,2.08,0.532,-0.0152,,,,,
,,,0.123,2.08,0.56,-0.016,,,,,
,,,0.1232,2.16,0.56,-0.016,,,,,
,,,0.1234,2.08,0.588,-0.0168,,,,,
,,,0.1236,2.08,0.532,-0.0152,,,,,
,,,0.1238,2.08,0.56,-0.016,,,,,
,,,0.124,2.08,0.532,-0.0152,,,,,
,,,0.1242,2.16,0.588,-0.0168,,,,,
,,,0.1244,2.08,0.56,-0.016,,,,,
,,,0.1246,2.08,0.588,-0.0168,,,,,
,,,0.1248,2.08,0.588,-0.0168,,,,,
,,,0.125,2.16,0.56,-0.016,,,,,
,,,0.1252,2.08,0.588,-0.0168,,,,,
,,,0.1254,2.08,0.616,-0.0176,,,,,
,,,0.1256,2.08,0.588,-0.0168,,,,,
,,,0.1258,2.08,0.56,-0.016,,,,,
,,,0.126,2.08,0.616,-0.0176,,,,,
,,,0.1262,2.08,0.616,-0.0176,,,,,
,,,0.1264,2,0.588,-0.0168,,,,,
,,,0.1266,2.08,0.588,-0.0168,,,,,
,,,0.1268,2.08,0.616,-0.0176,,,,,
,,,0.127,2.08,0.616,-0.0176,,,,,
,,,0.1272,2.08,0.616,-0.0176,,,,,
,,,0.1274,2.08,0.616,-0.0176,,,,,
,,,0.1276,2.08,0.616,-0.0176,,,,,
,,,0.1278,2.08,0.616,-0.0176,,,,,
,,,0.128,2.08,0.588,-0.0168,,,,,
,,,0.1282,2,0.616,-0.0176,,,,,
,,,0.1284,2,0.616,-0.0176,,,,,
,,,0.1286,2.08,0.616,-0.0176,,,,,
,,,0.1288,2.08,0.616,-0.0176,,,,,
,,,0.129,1.92,0.588,-0.0168,,,,,
,,,0.1292,2,0.588,-0.0168,,,,,
,,,0.1294,1.92,0.616,-0.0176,,,,,
,,,0.1296,1.92,0.616,-0.0176,,,,,
,,,0.1298,1.92,0.616,-0.0176,,,,,
,,,0.13,2,0.616,-0.0176,,,,,
,,,0.1302,2,0.588,-0.0168,,,,,
,,,0.1304,1.92,0.616,-0.0176,,,,,
,,,0.1306,1.92,0.616,-0.0176,,,,,
,,,0.1308,1.92,0.644,-0.0184,,,,,
,,,0.131,1.92,0.644,-0.0184,,,,,
,,,0.1312,1.92,0.644,-0.0184,,,,,
,,,0.1314,1.92,0.644,-0.0184,,,,,
,,,0.1316,1.92,0.616,-0.0176,,,,,
,,,0.1318,2.08,0.616,-0.0176,,,,,
,,,0.132,1.84,0.616,-0.0176,,,,,
,,,0.1322,1.84,0.644,-0.0184,,,,,
,,,0.1324,1.84,0.588,-0.0168,,,,,
,,,0.1326,1.76,0.616,-0.0176,,,,,
,,,0.1328,1.84,0.672,-0.0192,,,,,
,,,0.133,1.76,0.616,-0.0176,,,,,
,,,0.1332,1.76,0.616,-0.0176,,,,,
,,,0.1334,1.76,0.588,-0.0168,,,,,
,,,0.1336,1.76,0.644,-0.0184,,,,,
,,,0.1338,1.76,0.616,-0.0176,,,,,
,,,0.134,1.76,0.644,-0.0184,,,,,
,,,0.1342,1.68,0.616,-0.0176,,,,,
,,,0.1344,1.68,0.616,-0.0176,,,,,
,,,0.1346,1.68,0.616,-0.0176,,,,,
,,,0.1348,1.6,0.588,-0.0168,,,,,
,,,0.135,1.6,0.588,-0.0168,,,,,
,,,0.1352,1.6,0.616,-0.0176,,,,,
,,,0.1354,1.6,0.644,-0.0184,,,,,
,,,0.1356,1.52,0.616,-0.0176,,,,,
,,,0.1358,1.52,0.56,-0.016,,,,,
,,,0.136,1.52,0.588,-0.0168,,,,,
,,,0.1362,1.44,0.56,-0.016,,,,,
,,,0.1364,1.52,0.588,-0.0168,,,,,
,,,0.1366,1.44,0.588,-0.0168,,,,,
,,,0.1368,1.44,0.588,-0.0168,,,,,
,,,0.137,1.44,0.588,-0.0168,,,,,
,,,0.1372,1.44,0.56,-0.016,,,,,
,,,0.1374,1.44,0.56,-0.016,,,,,
,,,0.1376,1.44,0.588,-0.0168,,,,,
,,,0.1378,1.36,0.56,-0.016,,,,,
,,,0.138,1.36,0.56,-0.016,,,,,
,,,0.1382,1.28,0.56,-0.016,,,,,
,,,0.1384,1.36,0.56,-0.016,,,,,
,,,0.1386,1.28,0.532,-0.0152,,,,,
,,,0.1388,1.28,0.532,-0.0152,,,,,
,,,0.139,1.28,0.532,-0.0152,,,,,
,,,0.1392,1.2,0.532,-0.0152,,,,,
,,,0.1394,1.2,0.532,-0.0152,,,,,
,,,0.1396,1.2,0.532,-0.0152,,,,,
,,,0.1398,1.12,0.504,-0.0144,,,,,
,,,0.14,1.2,0.504,-0.0144,,,,,
,,,0.1402,1.12,0.504,-0.0144,,,,,
,,,0.1404,1.04,0.504,-0.0144,,,,,
,,,0.1406,1.04,0.504,-0.0144,,,,,
,,,0.1408,1.04,0.504,-0.0144,,,,,
,,,0.141,1.04,0.504,-0.0144,,,,,
,,,0.1412,1.04,0.476,-0.0136,,,,,
,,,0.1414,0.96,0.476,-0.0136,,,,,
,,,0.1416,0.96,0.504,-0.0144,,,,,
,,,0.1418,0.96,0.504,-0.0144,,,,,
,,,0.142,0.96,0.476,-0.0136,,,,,
,,,0.1422,0.96,0.448,-0.0128,,,,,
,,,0.1424,0.88,0.448,-0.0128,,,,,
,,,0.1426,0.88,0.448,-0.0128,,,,,
,,,0.1428,0.88,0.448,-0.0128,,,,,
,,,0.143,0.8,0.448,-0.0128,,,,,
,,,0.1432,0.8,0.448,-0.0128,,,,,
,,,0.1434,0.8,0.42,-0.012,,,,,
,,,0.1436,0.72,0.448,-0.0128,,,,,
,,,0.1438,0.72,0.392,-0.0112,,,,,
,,,0.144,0.72,0.392,-0.0112,,,,,
,,,0.1442,0.64,0.392,-0.0112,,,,,
,,,0.1444,0.64,0.392,-0.0112,,,,,
,,,0.1446,0.56,0.392,-0.0112,,,,,
,,,0.1448,0.56,0.392,-0.0112,,,,,
,,,0.145,0.56,0.392,-0.0112,,,,,
,,,0.1452,0.56,0.392,-0.0112,,,,,
,,,0.1454,0.48,0.392,-0.0112,,,,,
,,,0.1456,0.48,0.364,-0.0104,,,,,
,,,0.1458,0.48,0.308,-0.0088,,,,,
,,,0.146,0.48,0.336,-0.0096,,,,,
,,,0.1462,0.4,0.308,-0.0088,,,,,
,,,0.1464,0.32,0.308,-0.0088,,,,,
,,,0.1466,0.32,0.308,-0.0088,,,,,
,,,0.1468,0.32,0.308,-0.0088,,,,,
,,,0.147,0.32,0.28,-0.008,,,,,
,,,0.1472,0.32,0.252,-0.0072,,,,,
,,,0.1474,0.24,0.28,-0.008,,,,,
,,,0.1476,0.24,0.28,-0.008,,,,,
,,,0.1478,0.24,0.252,-0.0072,,,,,
,,,0.148,0.24,0.252,-0.0072,,,,,
,,,0.1482,0.16,0.252,-0.0072,,,,,
,,,0.1484,0.16,0.252,-0.0072,,,,,
,,,0.1486,0.32,0.252,-0.0072,,,,,
,,,0.1488,0.16,0.224,-0.0064,,,,,
,,,0.149,0.08,0.224,-0.0064,,,,,
,,,0.1492,0,0.196,-0.0056,,,,,
,,,0.1494,0,0.224,-0.0064,,,,,
,,,0.1496,0,0.168,-0.0048,,,,,
,,,0.1498,0,0.168,-0.0048,,,,,
,,,0.15,0,0.196,-0.0056,,,,,
,,,0.1502,-0.08,0.168,-0.0048,,,,,
,,,0.1504,-0.08,0.112,-0.0032,,,,,
,,,0.1506,-0.16,0.14,-0.004,,,,,
,,,0.1508,-0.16,0.168,-0.0048,,,,,
,,,0.151,-0.16,0.084,-0.0024,,,,,
,,,0.1512,-0.16,0.112,-0.0032,,,,,
,,,0.1514,-0.24,0.084,-0.0024,,,,,
,,,0.1516,-0.24,0.056,-0.0016,,,,,
,,,0.1518,-0.24,0.084,-0.0024,,,,,
,,,0.152,-0.32,0.084,-0.0024,,,,,
,,,0.1522,-0.32,0.056,-0.0016,,,,,
,,,0.1524,-0.32,0.056,-0.0016,,,,,
,,,0.1526,-0.4,0.056,-0.0016,,,,,
,,,0.1528,-0.4,0.056,-0.0016,,,,,
,,,0.153,-0.48,0.028,-0.0008,,,,,
,,,0.1532,-0.4,0,0,,,,,
,,,0.1534,-0.48,0,0,,,,,
,,,0.1536,-0.48,0,0,,,,,
,,,0.1538,-0.48,0,0,,,,,
,,,0.154,-0.56,-0.056,0.0016,,,,,
,,,0.1542,-0.56,-0.028,0.0008,,,,,
,,,0.1544,-0.56,-0.028,0.0008,,,,,
,,,0.1546,-0.64,-0.056,0.0016,,,,,
,,,0.1548,-0.64,-0.056,0.0016,,,,,
,,,0.155,-0.64,-0.084,0.0024,,,,,
,,,0.1552,-0.72,-0.056,0.0016,,,,,
,,,0.1554,-0.72,-0.084,0.0024,,,,,
,,,0.1556,-0.72,-0.084,0.0024,,,,,
,,,0.1558,-0.72,-0.112,0.0032,,,,,
,,,0.156,-0.8,-0.14,0.004,,,,,
,,,0.1562,-0.8,-0.14,0.004,,,,,
,,,0.1564,-0.8,-0.112,0.0032,,,,,
,,,0.1566,-0.8,-0.112,0.0032,,,,,
,,,0.1568,-0.8,-0.14,0.004,,,,,
,,,0.157,-0.88,-0.14,0.004,,,,,
,,,0.1572,-0.88,-0.14,0.004,,,,,
,,,0.1574,-0.96,-0.168,0.0048,,,,,
,,,0.1576,-0.96,-0.196,0.0056,,,,,
,,,0.1578,-0.96,-0.14,0.004,,,,,
,,,0.158,-1.04,-0.168,0.0048,,,,,
,,,0.1582,-1.04,-0.168,0.0048,,,,,
,,,0.1584,-1.04,-0.196,0.0056,,,,,
,,,0.1586,-1.12,-0.196,0.0056,,,,,
,,,0.1588,-1.12,-0.252,0.0072,,,,,
,,,0.159,-1.12,-0.224,0.0064,,,,,
,,,0.1592,-1.2,-0.252,0.0072,,,,,
,,,0.1594,-1.2,-0.252,0.0072,,,,,
,,,0.1596,-1.2,-0.224,0.0064,,,,,
,,,0.1598,-1.28,-0.224,0.0064,,,,,
,,,0.16,-1.2,-0.224,0.0064,,,,,
,,,0.1602,-1.28,-0.28,0.008,,,,,
,,,0.1604,-1.28,-0.28,0.008,,,,,
,,,0.1606,-1.36,-0.28,0.008,,,,,
,,,0.1608,-1.36,-0.28,0.008,,,,,
,,,0.161,-1.36,-0.28,0.008,,,,,
,,,0.1612,-1.36,-0.308,0.0088,,,,,
,,,0.1614,-1.36,-0.308,0.0088,,,,,
,,,0.1616,-1.44,-0.308,0.0088,,,,,
,,,0.1618,-1.44,-0.308,0.0088,,,,,
,,,0.162,-1.44,-0.336,0.0096,,,,,
,,,0.1622,-1.44,-0.336,0.0096,,,,,
,,,0.1624,-1.44,-0.336,0.0096,,,,,
,,,0.1626,-1.44,-0.364,0.0104,,,,,
,,,0.1628,-1.52,-0.392,0.0112,,,,,
,,,0.163,-1.6,-0.336,0.0096,,,,,
,,,0.1632,-1.6,-0.392,0.0112,,,,,
,,,0.1634,-1.6,-0.392,0.0112,,,,,
,,,0.1636,-1.6,-0.364,0.0104,,,,,
,,,0.1638,-1.6,-0.392,0.0112,,,,,
,,,0.164,-1.6,-0.42,0.012,,,,,
,,,0.1642,-1.6,-0.42,0.012,,,,,
,,,0.1644,-1.68,-0.42,0.012,,,,,
,,,0.1646,-1.68,-0.42,0.012,,,,,
,,,0.1648,-1.68,-0.42,0.012,,,,,
,,,0.165,-1.68,-0.42,0.012,,,,,
,,,0.1652,-1.68,-0.42,0.012,,,,,
,,,0.1654,-1.68,-0.42,0.012,,,,,
,,,0.1656,-1.68,-0.448,0.0128,,,,,
,,,0.1658,-1.76,-0.448,0.0128,,,,,
,,,0.166,-1.76,-0.476,0.0136,,,,,
,,,0.1662,-1.76,-0.476,0.0136,,,,,
,,,0.1664,-1.84,-0.504,0.0144,,,,,
,,,0.1666,-1.84,-0.504,0.0144,,,,,
,,,0.1668,-1.84,-0.476,0.0136,,,,,
,,,0.167,-1.84,-0.532,0.0152,,,,,
,,,0.1672,-1.84,-0.532,0.0152,,,,,
,,,0.1674,-1.84,-0.504,0.0144,,,,,
,,,0.1676,-1.84,-0.504,0.0144,,,,,
,,,0.1678,-1.92,-0.504,0.0144,,,,,
,,,0.168,-1.92,-0.56,0.016,,,,,
,,,0.1682,-1.92,-0.532,0.0152,,,,,
,,,0.1684,-1.92,-0.56,0.016,,,,,
,,,0.1686,-1.92,-0.56,0.016,,,,,
,,,0.1688,-1.92,-0.588,0.0168,,,,,
,,,0.169,-1.92,-0.56,0.016,,,,,
,,,0.1692,-2,-0.56,0.016,,,,,
,,,0.1694,-2,-0.56,0.016,,,,,
,,,0.1696,-2,-0.56,0.016,,,,,
,,,0.1698,-1.92,-0.588,0.0168,,,,,
,,,0.17,-2,-0.588,0.0168,,,,,
,,,0.1702,-2,-0.588,0.0168,,,,,
,,,0.1704,-2,-0.588,0.0168,,,,,
,,,0.1706,-2.08,-0.616,0.0176,,,,,
,,,0.1708,-2,-0.588,0.0168,,,,,
,,,0.171,-2.08,-0.588,0.0168,,,,,
,,,0.1712,-2.08,-0.588,0.0168,,,,,
,,,0.1714,-2,-0.616,0.0176,,,,,
,,,0.1716,-2.08,-0.588,0.0168,,,,,
,,,0.1718,-2.08,-0.616,0.0176,,,,,
,,,0.172,-2.08,-0.588,0.0168,,,,,
,,,0.1722,-2.08,-0.616,0.0176,,,,,
,,,0.1724,-2,-0.644,0.0184,,,,,
,,,0.1726,-2.08,-0.644,0.0184,,,,,
,,,0.1728,-2.08,-0.616,0.0176,,,,,
,,,0.173,-2.08,-0.616,0.0176,,,,,
,,,0.1732,-2.08,-0.616,0.0176,,,,,
,,,0.1734,-2.08,-0.616,0.0176,,,,,
,,,0.1736,-2.08,-0.644,0.0184,,,,,
,,,0.1738,-2.16,-0.644,0.0184,,,,,
,,,0.174,-2.08,-0.644,0.0184,,,,,
,,,0.1742,-2.08,-0.616,0.0176,,,,,
,,,0.1744,-2.16,-0.672,0.0192,,,,,
,,,0.1746,-2.08,-0.644,0.0184,,,,,
,,,0.1748,-2.16,-0.644,0.0184,,,,,
,,,0.175,-2,-0.644,0.0184,,,,,
,,,0.1752,-2.08,-0.644,0.0184,,,,,
,,,0.1754,-2.16,-0.644,0.0184,,,,,
,,,0.1756,-2.08,-0.644,0.0184,,,,,
,,,0.1758,-2.16,-0.644,0.0184,,,,,
,,,0.176,-2.16,-0.7,0.02,,,,,
,,,0.1762,-2.08,-0.672,0.0192,,,,,
,,,0.1764,-2.16,-0.7,0.02,,,,,
,,,0.1766,-2.08,-0.672,0.0192,,,,,
,,,0.1768,-2.08,-0.672,0.0192,,,,,
,,,0.177,-2.08,-0.672,0.0192,,,,,
,,,0.1772,-2.08,-0.672,0.0192,,,,,
,,,0.1774,-2.08,-0.672,0.0192,,,,,
,,,0.1776,-2.08,-0.672,0.0192,,,,,
,,,0.1778,-2.08,-0.672,0.0192,,,,,
,,,0.178,-2.08,-0.672,0.0192,,,,,
,,,0.1782,-2.08,-0.644,0.0184,,,,,
,,,0.1784,-2.08,-0.7,0.02,,,,,
,,,0.1786,-2,-0.672,0.0192,,,,,
,,,0.1788,-2,-0.672,0.0192,,,,,
,,,0.179,-2.08,-0.7,0.02,,,,,
,,,0.1792,-2,-0.672,0.0192,,,,,
,,,0.1794,-2,-0.672,0.0192,,,,,
,,,0.1796,-2,-0.644,0.0184,,,,,
,,,0.1798,-2,-0.672,0.0192,,,,,
,,,0.18,-2,-0.672,0.0192,,,,,
,,,0.1802,-2,-0.644,0.0184,,,,,
,,,0.1804,-2,-0.672,0.0192,,,,,
,,,0.1806,-1.92,-0.672,0.0192,,,,,
,,,0.1808,-1.92,-0.672,0.0192,,,,,
,,,0.181,-2,-0.644,0.0184,,,,,
,,,0.1812,-1.92,-0.644,0.0184,,,,,
,,,0.1814,-1.84,-0.672,0.0192,,,,,
,,,0.1816,-2,-0.7,0.02,,,,,
,,,0.1818,-1.92,-0.672,0.0192,,,,,
,,,0.182,-1.92,-0.644,0.0184,,,,,
,,,0.1822,-1.84,-0.672,0.0192,,,,,
,,,0.1824,-1.84,-0.672,0.0192,,,,,
,,,0.1826,-1.84,-0.672,0.0192,,,,,
,,,0.1828,-1.76,-0.644,0.0184,,,,,
,,,0.183,-1.76,-0.644,0.0184,,,,,
,,,0.1832,-1.76,-0.644,0.0184,,,,,
,,,0.1834,-1.84,-0.644,0.0184,,,,,
,,,0.1836,-1.76,-0.644,0.0184,,,,,
,,,0.1838,-1.68,-0.616,0.0176,,,,,
,,,0.184,-1.84,-0.644,0.0184,,,,,
,,,0.1842,-1.68,-0.644,0.0184,,,,,
,,,0.1844,-1.68,-0.616,0.0176,,,,,
,,,0.1846,-1.68,-0.616,0.0176,,,,,
,,,0.1848,-1.6,-0.644,0.0184,,,,,
,,,0.185,-1.6,-0.644,0.0184,,,,,
,,,0.1852,-1.6,-0.644,0.0184,,,,,
,,,0.1854,-1.6,-0.616,0.0176,,,,,
,,,0.1856,-1.6,-0.644,0.0184,,,,,
,,,0.1858,-1.6,-0.616,0.0176,,,,,
,,,0.186,-1.6,-0.588,0.0168,,,,,
,,,0.1862,-1.6,-0.56,0.016,,,,,
,,,0.1864,-1.52,-0.56,0.016,,,,,
,,,0.1866,-1.52,-0.616,0.0176,,,,,
,,,0.1868,-1.44,-0.616,0.0176,,,,,
,,,0.187,-1.44,-0.588,0.0168,,,,,
,,,0.1872,-1.44,-0.616,0.0176,,,,,
,,,0.1874,-1.44,-0.588,0.0168,,,,,
,,,0.1876,-1.44,-0.56,0.016,,,,,
,,,0.1878,-1.36,-0.56,0.016,,,,,
,,,0.188,-1.28,-0.56,0.016,,,,,
,,,0.1882,-1.36,-0.56,0.016,,,,,
,,,0.1884,-1.28,-0.56,0.016,,,,,
,,,0.1886,-1.36,-0.532,0.0152,,,,,
,,,0.1888,-1.28,-0.532,0.0152,,,,,
,,,0.189,-1.28,-0.532,0.0152,,,,,
,,,0.1892,-1.28,-0.532,0.0152,,,,,
,,,0.1894,-1.2,-0.476,0.0136,,,,,
,,,0.1896,-1.2,-0.504,0.0144,,,,,
,,,0.1898,-1.12,-0.504,0.0144,,,,,
,,,0.19,-1.12,-0.504,0.0144,,,,,
,,,0.1902,-1.12,-0.504,0.0144,,,,,
,,,0.1904,-1.12,-0.448,0.0128,,,,,
,,,0.1906,-1.04,-0.504,0.0144,,,,,
,,,0.1908,-1.12,-0.504,0.0144,,,,,
,,,0.191,-1.04,-0.476,0.0136,,,,,
,,,0.1912,-1.04,-0.476,0.0136,,,,,
,,,0.1914,-0.96,-0.448,0.0128,,,,,
,,,0.1916,-0.96,-0.476,0.0136,,,,,
,,,0.1918,-0.96,-0.42,0.012,,,,,
,,,0.192,-0.88,-0.42,0.012,,,,,
,,,0.1922,-0.88,-0.448,0.0128,,,,,
,,,0.1924,-0.88,-0.42,0.012,,,,,
,,,0.1926,-0.8,-0.448,0.0128,,,,,
,,,0.1928,-0.8,-0.42,0.012,,,,,
,,,0.193,-0.8,-0.42,0.012,,,,,
,,,0.1932,-0.8,-0.42,0.012,,,,,
,,,0.1934,-0.72,-0.42,0.012,,,,,
,,,0.1936,-0.72,-0.392,0.0112,,,,,
,,,0.1938,-0.64,-0.392,0.0112,,,,,
,,,0.194,-0.64,-0.336,0.0096,,,,,
,,,0.1942,-0.64,-0.392,0.0112,,,,,
,,,0.1944,-0.56,-0.364,0.0104,,,,,
,,,0.1946,-0.56,-0.364,0.0104,,,,,
,,,0.1948,-0.56,-0.336,0.0096,,,,,
,,,0.195,-0.48,-0.336,0.0096,,,,,
,,,0.1952,-0.48,-0.336,0.0096,,,,,
,,,0.1954,-0.48,-0.308,0.0088,,,,,
,,,0.1956,-0.4,-0.308,0.0088,,,,,
,,,0.1958,-0.4,-0.308,0.0088,,,,,
,,,0.196,-0.4,-0.308,0.0088,,,,,
,,,0.1962,-0.4,-0.308,0.0088,,,,,
,,,0.1964,-0.32,-0.308,0.0088,,,,,
,,,0.1966,-0.24,-0.28,0.008,,,,,
,,,0.1968,-0.24,-0.252,0.0072,,,,,
,,,0.197,-0.24,-0.252,0.0072,,,,,
,,,0.1972,-0.16,-0.28,0.008,,,,,
,,,0.1974,-0.16,-0.252,0.0072,,,,,
,,,0.1976,-0.16,-0.252,0.0072,,,,,
,,,0.1978,-0.08,-0.252,0.0072,,,,,
,,,0.198,-0.08,-0.224,0.0064,,,,,
,,,0.1982,-0.08,-0.252,0.0072,,,,,
,,,0.1984,0,-0.196,0.0056,,,,,
,,,0.1986,0,-0.224,0.0064,,,,,
,,,0.1988,0,-0.196,0.0056,,,,,
,,,0.199,0.08,-0.168,0.0048,,,,,
,,,0.1992,0.08,-0.168,0.0048,,,,,
,,,0.1994,0.16,-0.168,0.0048,,,,,
,,,0.1996,0.08,-0.168,0.0048,,,,,
,,,0.1998,0.16,-0.168,0.0048,,,,,
,,,0.2,0.24,-0.14,0.004,,,,,
,,,0.2002,0.24,-0.168,0.0048,,,,,
,,,0.2004,0.24,-0.112,0.0032,,,,,
,,,0.2006,0.24,-0.112,0.0032,,,,,
,,,0.2008,0.24,-0.112,0.0032,,,,,
,,,0.201,0.32,-0.112,0.0032,,,,,
,,,0.2012,0.32,-0.084,0.0024,,,,,
,,,0.2014,0.32,-0.084,0.0024,,,,,
,,,0.2016,0.32,-0.112,0.0032,,,,,
,,,0.2018,0.48,-0.112,0.0032,,,,,
,,,0.202,0.48,-0.084,0.0024,,,,,
,,,0.2022,0.48,-0.056,0.0016,,,,,
,,,0.2024,0.48,-0.056,0.0016,,,,,
,,,0.2026,0.56,-0.028,0.0008,,,,,
,,,0.2028,0.48,-0.028,0.0008,,,,,
,,,0.203,0.56,-0.028,0.0008,,,,,
,,,0.2032,0.64,0,0,,,,,
,,,0.2034,0.64,-0.056,0.0016,,,,,
,,,0.2036,0.64,-0.028,0.0008,,,,,
,,,0.2038,0.72,0,0,,,,,
,,,0.204,0.72,0,0,,,,,
,,,0.2042,0.72,0.028,-0.0008,,,,,
,,,0.2044,0.8,0.028,-0.0008,,,,,
,,,0.2046,0.8,0.028,-0.0008,,,,,
,,,0.2048,0.8,0.028,-0.0008,,,,,
,,,0.205,0.88,0.028,-0.0008,,,,,
,,,0.2052,0.88,0.056,-0.0016,,,,,
,,,0.2054,0.88,0.056,-0.0016,,,,,
,,,0.2056,0.88,0.084,-0.0024,,,,,
,,,0.2058,0.96,0.084,-0.0024,,,,,
,,,0.206,0.96,0.056,-0.0016,,,,,
,,,0.2062,0.96,0.112,-0.0032,,,,,
,,,0.2064,1.04,0.112,-0.0032,,,,,
,,,0.2066,1.04,0.112,-0.0032,,,,,
,,,0.2068,1.04,0.112,-0.0032,,,,,
,,,0.207,1.04,0.112,-0.0032,,,,,
,,,0.2072,1.12,0.14,-0.004,,,,,
,,,0.2074,1.12,0.14,-0.004,,,,,
,,,0.2076,1.2,0.112,-0.0032,,,,,
,,,0.2078,1.28,0.168,-0.0048,,,,,
,,,0.208,1.12,0.168,-0.0048,,,,,
,,,0.2082,1.2,0.168,-0.0048,,,,,
,,,0.2084,1.28,0.168,-0.0048,,,,,
,,,0.2086,1.28,0.196,-0.0056,,,,,
,,,0.2088,1.28,0.196,-0.0056,,,,,
,,,0.209,1.36,0.196,-0.0056,,,,,
,,,0.2092,1.28,0.196,-0.0056,,,,,
,,,0.2094,1.36,0.196,-0.0056,,,,,
,,,0.2096,1.36,0.224,-0.0064,,,,,
,,,0.2098,1.36,0.224,-0.0064,,,,,
,,,0.21,1.44,0.196,-0.0056,,,,,
,,,0.2102,1.44,0.224,-0.0064,,,,,
,,,0.2104,1.44,0.224,-0.0064,,,,,
,,,0.2106,1.52,0.224,-0.0064,,,,,
,,,0.2108,1.52,0.224,-0.0064,,,,,
,,,0.211,1.52,0.252,-0.0072,,,,,
,,,0.2112,1.52,0.224,-0.0064,,,,,
,,,0.2114,1.52,0.224,-0.0064,,,,,
,,,0.2116,1.52,0.28,-0.008,,,,,
,,,0.2118,1.6,0.252,-0.0072,,,,,
,,,0.212,1.52,0.252,-0.0072,,,,,
,,,0.2122,1.6,0.28,-0.008,,,,,
,,,0.2124,1.6,0.252,-0.0072,,,,,
,,,0.2126,1.6,0.308,-0.0088,,,,,
,,,0.2128,1.68,0.28,-0.008,,,,,
,,,0.213,1.68,0.336,-0.0096,,,,,
,,,0.2132,1.68,0.308,-0.0088,,,,,
,,,0.2134,1.68,0.308,-0.0088,,,,,
,,,0.2136,1.76,0.336,-0.0096,,,,,
,,,0.2138,1.6,0.336,-0.0096,,,,,
,,,0.214,1.84,0.308,-0.0088,,,,,
,,,0.2142,1.76,0.336,-0.0096,,,,,
,,,0.2144,1.76,0.336,-0.0096,,,,,
,,,0.2146,1.84,0.308,-0.0088,,,,,
,,,0.2148,1.84,0.364,-0.0104,,,,,
,,,0.215,1.84,0.392,-0.0112,,,,,
,,,0.2152,1.84,0.392,-0.0112,,,,,
,,,0.2154,1.84,0.364,-0.0104,,,,,
,,,0.2156,1.92,0.392,-0.0112,,,,,
,,,0.2158,1.92,0.392,-0.0112,,,,,
,,,0.216,1.84,0.392,-0.0112,,,,,
,,,0.2162,1.92,0.392,-0.0112,,,,,
,,,0.2164,1.92,0.42,-0.012,,,,,
,,,0.2166,1.92,0.42,-0.012,,,,,
,,,0.2168,1.92,0.42,-0.012,,,,,
,,,0.217,1.92,0.448,-0.0128,,,,,
,,,0.2172,1.92,0.448,-0.0128,,,,,
,,,0.2174,2,0.448,-0.0128,,,,,
,,,0.2176,2,0.448,-0.0128,,,,,
,,,0.2178,2,0.448,-0.0128,,,,,
,,,0.218,2,0.448,-0.0128,,,,,
,,,0.2182,2,0.476,-0.0136,,,,,
,,,0.2184,2,0.476,-0.0136,,,,,
,,,0.2186,2,0.448,-0.0128,,,,,
,,,0.2188,2,0.504,-0.0144,,,,,
,,,0.219,2,0.476,-0.0136,,,,,
,,,0.2192,2.08,0.504,-0.0144,,,,,
,,,0.2194,2.08,0.504,-0.0144,,,,,
,,,0.2196,2.08,0.504,-0.0144,,,,,
,,,0.2198,2.08,0.504,-0.0144,,,,,
,,,0.22,2.08,0.504,-0.0144,,,,,
,,,0.2202,2.08,0.504,-0.0144,,,,,
,,,0.2204,2.08,0.504,-0.0144,,,,,
,,,0.2206,2.08,0.532,-0.0152,,,,,
,,,0.2208,2.08,0.504,-0.0144,,,,,
,,,0.221,2.08,0.504,-0.0144,,,,,
,,,0.2212,2.08,0.504,-0.0144,,,,,
,,,0.2214,2.08,0.56,-0.016,,,,,
,,,0.2216,2.08,0.532,-0.0152,,,,,
,,,0.2218,2.08,0.532,-0.0152,,,,,
,,,0.222,2.08,0.532,-0.0152,,,,,
,,,0.2222,2.08,0.504,-0.0144,,,,,
,,,0.2224,2.08,0.56,-0.016,,,,,
,,,0.2226,2.08,0.588,-0.0168,,,,,
,,,0.2228,2.08,0.532,-0.0152,,,,,
,,,0.223,2.08,0.56,-0.016,,,,,
,,,0.2232,2.08,0.56,-0.016,,,,,
,,,0.2234,2.08,0.56,-0.016,,,,,
,,,0.2236,2.08,0.56,-0.016,,,,,
,,,0.2238,2.16,0.588,-0.0168,,,,,
,,,0.224,2.08,0.56,-0.016,,,,,
,,,0.2242,2.08,0.588,-0.0168,,,,,
,,,0.2244,2.08,0.588,-0.0168,,,,,
,,,0.2246,2.08,0.56,-0.016,,,,,
,,,0.2248,2.08,0.588,-0.0168,,,,,
,,,0.225,2.08,0.588,-0.0168,,,,,
,,,0.2252,2.08,0.588,-0.0168,,,,,
,,,0.2254,2.08,0.588,-0.0168,,,,,
,,,0.2256,2.08,0.56,-0.016,,,,,
,,,0.2258,2.08,0.588,-0.0168,,,,,
,,,0.226,2.08,0.616,-0.0176,,,,,
,,,0.2262,2.08,0.616,-0.0176,,,,,
,,,0.2264,2.08,0.588,-0.0168,,,,,
,,,0.2266,2.08,0.616,-0.0176,,,,,
,,,0.2268,2.08,0.56,-0.016,,,,,
,,,0.227,2.08,0.588,-0.0168,,,,,
,,,0.2272,2.08,0.588,-0.0168,,,,,
,,,0.2274,2.16,0.616,-0.0176,,,,,
,,,0.2276,2,0.616,-0.0176,,,,,
,,,0.2278,2,0.616,-0.0176,,,,,
,,,0.228,2.08,0.616,-0.0176,,,,,
,,,0.2282,2,0.616,-0.0176,,,,,
,,,0.2284,2,0.616,-0.0176,,,,,
,,,0.2286,2,0.616,-0.0176,,,,,
,,,0.2288,2,0.644,-0.0184,,,,,
,,,0.229,2,0.616,-0.0176,,,,,
,,,0.2292,2,0.588,-0.0168,,,,,
,,,0.2294,2,0.616,-0.0176,,,,,
,,,0.2296,1.92,0.616,-0.0176,,,,,
,,,0.2298,2,0.644,-0.0184,,,,,
,,,0.23,1.92,0.644,-0.0184,,,,,
,,,0.2302,1.92,0.616,-0.0176,,,,,
,,,0.2304,1.92,0.644,-0.0184,,,,,
,,,0.2306,1.92,0.616,-0.0176,,,,,
,,,0.2308,1.92,0.644,-0.0184,,,,,
,,,0.231,1.92,0.644,-0.0184,,,,,
,,,0.2312,1.92,0.616,-0.0176,,,,,
,,,0.2314,1.84,0.644,-0.0184,,,,,
,,,0.2316,1.84,0.616,-0.0176,,,,,
,,,0.2318,1.84,0.616,-0.0176,,,,,
,,,0.232,1.84,0.616,-0.0176,,,,,
,,,0.2322,1.84,0.616,-0.0176,,,,,
,,,0.2324,1.76,0.644,-0.0184,,,,,
,,,0.2326,1.76,0.644,-0.0184,,,,,
,,,0.2328,1.76,0.616,-0.0176,,,,,
,,,0.233,1.76,0.644,-0.0184,,,,,
,,,0.2332,1.76,0.588,-0.0168,,,,,
,,,0.2334,1.76,0.616,-0.0176,,,,,
,,,0.2336,1.76,0.616,-0.0176,,,,,
,,,0.2338,1.68,0.616,-0.0176,,,,,
,,,0.234,1.76,0.588,-0.0168,,,,,
,,,0.2342,1.68,0.616,-0.0176,,,,,
,,,0.2344,1.6,0.588,-0.0168,,,,,
,,,0.2346,1.6,0.616,-0.0176,,,,,
,,,0.2348,1.6,0.588,-0.0168,,,,,
,,,0.235,1.6,0.616,-0.0176,,,,,
,,,0.2352,1.6,0.588,-0.0168,,,,,
,,,0.2354,1.6,0.616,-0.0176,,,,,
,,,0.2356,1.6,0.616,-0.0176,,,,,
,,,0.2358,1.52,0.616,-0.0176,,,,,
,,,0.236,1.52,0.588,-0.0168,,,,,
,,,0.2362,1.52,0.56,-0.016,,,,,
,,,0.2364,1.52,0.56,-0.016,,,,,
,,,0.2366,1.44,0.588,-0.0168,,,,,
,,,0.2368,1.44,0.588,-0.0168,,,,,
,,,0.237,1.44,0.56,-0.016,,,,,
,,,0.2372,1.36,0.616,-0.0176,,,,,
,,,0.2374,1.36,0.588,-0.0168,,,,,
,,,0.2376,1.44,0.56,-0.016,,,,,
,,,0.2378,1.36,0.56,-0.016,,,,,
,,,0.238,1.36,0.588,-0.0168,,,,,
,,,0.2382,1.36,0.56,-0.016,,,,,
,,,0.2384,1.36,0.532,-0.0152,,,,,
,,,0.2386,1.28,0.56,-0.016,,,,,
,,,0.2388,1.28,0.56,-0.016,,,,,
,,,0.239,1.28,0.532,-0.0152,,,,,
,,,0.2392,1.2,0.56,-0.016,,,,,
,,,0.2394,1.2,0.504,-0.0144,,,,,
,,,0.2396,1.12,0.532,-0.0152,,,,,
,,,0.2398,1.12,0.532,-0.0152,,,,,
,,,0.24,1.12,0.532,-0.0152,,,,,
,,,0.2402,1.12,0.532,-0.0152,,,,,
,,,0.2404,1.12,0.504,-0.0144,,,,,
,,,0.2406,1.04,0.504,-0.0144,,,,,
,,,0.2408,1.04,0.476,-0.0136,,,,,
,,,0.241,1.04,0.476,-0.0136,,,,,
,,,0.2412,0.96,0.476,-0.0136,,,,,
,,,0.2414,0.96,0.476,-0.0136,,,,,
,,,0.2416,0.96,0.504,-0.0144,,,,,
,,,0.2418,0.96,0.476,-0.0136,,,,,
,,,0.242,0.88,0.448,-0.0128,,,,,
,,,0.2422,0.96,0.448,-0.0128,,,,,
,,,0.2424,0.88,0.476,-0.0136,,,,,
,,,0.2426,0.88,0.448,-0.0128,,,,,
,,,0.2428,0.8,0.448,-0.0128,,,,,
,,,0.243,0.8,0.448,-0.0128,,,,,
,,,0.2432,0.8,0.42,-0.012,,,,,
,,,0.2434,0.72,0.42,-0.012,,,,,
,,,0.2436,0.72,0.392,-0.0112,,,,,
,,,0.2438,0.72,0.42,-0.012,,,,,
,,,0.244,0.72,0.42,-0.012,,,,,
,,,0.2442,0.64,0.392,-0.0112,,,,,
,,,0.2444,0.64,0.42,-0.012,,,,,
,,,0.2446,0.64,0.392,-0.0112,,,,,
,,,0.2448,0.56,0.392,-0.0112,,,,,
,,,0.245,0.48,0.364,-0.0104,,,,,
,,,0.2452,0.56,0.392,-0.0112,,,,,
,,,0.2454,0.48,0.364,-0.0104,,,,,
,,,0.2456,0.48,0.364,-0.0104,,,,,
,,,0.2458,0.48,0.364,-0.0104,,,,,
,,,0.246,0.48,0.364,-0.0104,,,,,
,,,0.2462,0.48,0.336,-0.0096,,,,,
,,,0.2464,0.4,0.364,-0.0104,,,,,
,,,0.2466,0.4,0.308,-0.0088,,,,,
,,,0.2468,0.32,0.308,-0.0088,,,,,
,,,0.247,0.32,0.308,-0.0088,,,,,
,,,0.2472,0.32,0.308,-0.0088,,,,,
,,,0.2474,0.32,0.252,-0.0072,,,,,
,,,0.2476,0.24,0.252,-0.0072,,,,,
,,,0.2478,0.24,0.28,-0.008,,,,,
,,,0.248,0.24,0.252,-0.0072,,,,,
,,,0.2482,0.24,0.28,-0.008,,,,,
,,,0.2484,0.24,0.252,-0.0072,,,,,
,,,0.2486,0.16,0.196,-0.0056,,,,,
,,,0.2488,0.16,0.196,-0.0056,,,,,
,,,0.249,0.16,0.196,-0.0056,,,,,
,,,0.2492,0.08,0.224,-0.0064,,,,,
,,,0.2494,0.08,0.224,-0.0064,,,,,
,,,0.2496,0.08,0.196,-0.0056,,,,,
,,,0.2498,0,0.196,-0.0056,,,,,
